geoname_id,locale_code,continent_code,continent_name,country_iso_code,country_name,subdivision_1_iso_code,subdivision_1_name,subdivision_2_iso_code,subdivision_2_name,city_name,metro_code,time_zone,is_in_european_union
77726,ru,AS,"Азия",YE,"Йемен",SH,"Шабва","","","","",Asia/Aden,0
102318,ru,AS,"Азия",SA,"Саудовская Аравия",04,"","","","","",Asia/Riyadh,0
105072,ru,AS,"Азия",SA,"Саудовская Аравия",14,"Административный округ Асир","","","Хамис-Мушайт","",Asia/Riyadh,0
107968,ru,AS,"Азия",SA,"Саудовская Аравия",02,"","","","","",Asia/Riyadh,0
109223,ru,AS,"Азия",SA,"Саудовская Аравия",03,"","","","Медина","",Asia/Riyadh,0
109435,ru,AS,"Азия",SA,"Саудовская Аравия",04,"","","","Аль-Джубайль","",Asia/Riyadh,0
128234,ru,AS,"Азия",IR,"Иран",08,"","","","Керман","",Asia/Tehran,0
155405,ru,AF,"Африка",TZ,"Танзания",04,"","","","","",Africa/Dar_es_Salaam,0
159675,ru,AF,"Африка",TZ,"Танзания",25,"","","","","",Africa/Dar_es_Salaam,0
216281,ru,AF,"Африка",CD,"Заир",NK,"","","","Гома","",Africa/Lubumbashi,0
233114,ru,AF,"Африка",UG,"Уганда",E,"",204,"","Джинджа","",Africa/Kampala,0
256432,ru,EU,"Европа",GR,"Греция",F,"",24,"","Нидри","",Europe/Athens,1
273607,ru,AS,"Азия",LB,"Ливан",JL,"","","","","",Asia/Beirut,0
291696,ru,AS,"Азия",AE,"ОАЭ",SH,"","","","Хор-Факкан","",Asia/Dubai,0
295031,ru,AS,"Азия",IL,"Израиль",D,"Южный район","","","","",Asia/Jerusalem,0
316746,ru,AS,"Азия",TR,"Турция",21,"","","","","",Europe/Istanbul,0
317109,ru,AS,"Азия",TR,"Турция",20,"Денизли","","","Денизли","",Europe/Istanbul,0
468657,ru,EU,"Европа",RU,"Россия",ORE,"Оренбургская область","","","Ясный","",Asia/Yekaterinburg,0
473762,ru,EU,"Европа",RU,"Россия",MUR,"Мурманская область","","","Видяево","",Europe/Moscow,0
485239,ru,EU,"Европа",RU,"Россия",KO,"Коми","","","Сыктывкар","",Europe/Moscow,0
490554,ru,EU,"Европа",RU,"Россия",ORE,"Оренбургская область","","","Сорочинск","",Asia/Yekaterinburg,0
514198,ru,EU,"Европа",RU,"Россия",VOR,"Воронежская область","","","Острогожск","",Europe/Moscow,0
515612,ru,EU,"Европа",RU,"Россия",KDA,"Краснодарский край","","","Ольгинка","",Europe/Moscow,0
526651,ru,EU,"Европа",RU,"Россия",MOS,"МО","","","Михнево","",Europe/Moscow,0
553522,ru,EU,"Европа",RU,"Россия",STA,"Ставрополье","","","Каменнобродская","",Europe/Moscow,0
571721,ru,EU,"Европа",RU,"Россия",LIP,"Липецкая область","","","Братовщина","",Europe/Moscow,0
587440,ru,EU,"Европа",EE,"Эстония",68,"Пярнумаа",638,"","Вяндра","",Europe/Tallinn,1
590447,ru,EU,"Европа",EE,"Эстония",37,"Харьюмаа",446,"","Маарду","",Europe/Tallinn,1
593926,ru,EU,"Европа",LT,"Литва",TE,"",51,"","Тельшяй","",Europe/Vilnius,1
597070,ru,EU,"Европа",LT,"Литва",AL,"",55,"","Меркине","",Europe/Vilnius,1
609404,ru,AS,"Азия",KZ,"Казахстан",AKT,"Актюбинская область","","","Хромтау","",Asia/Aqtobe,0
628906,ru,EU,"Европа",BY,"Беларусь",HO,"Gomelskaya Oblast","","","Дражня","",Europe/Minsk,0
631873,ru,EU,"Европа",FI,"Финляндия",15,"Северное Саво","","","Весанто","",Europe/Helsinki,1
638622,ru,EU,"Европа",FI,"Финляндия",14,"Северная Остроботния","","","Рукки","",Europe/Helsinki,1
647660,ru,EU,"Европа",FI,"Финляндия",06,"Канта-Хяме","","","Лоппи","",Europe/Helsinki,1
648200,ru,EU,"Европа",FI,"Финляндия",18,"Уусимаа","","","","",Europe/Helsinki,1
651889,ru,EU,"Европа",FI,"Финляндия",10,"Лапландия","","","","",Europe/Helsinki,1
654828,ru,EU,"Европа",FI,"Финляндия",12,"Остроботния","","","","",Europe/Helsinki,1
671976,ru,EU,"Европа",RO,"Румыния",TR,"","","","","",Europe/Bucharest,1
672700,ru,EU,"Европа",RO,"Румыния",HR,"","","","","",Europe/Bucharest,1
675937,ru,EU,"Европа",RO,"Румыния",CJ,"","","","Хуедин","",Europe/Bucharest,1
676176,ru,EU,"Европа",RO,"Румыния",IS,"","","","","",Europe/Bucharest,1
676331,ru,EU,"Европа",RO,"Румыния",NT,"","","","","",Europe/Bucharest,1
677489,ru,EU,"Европа",RO,"Румыния",DB,"","","","","",Europe/Bucharest,1
678831,ru,EU,"Европа",RO,"Румыния",IL,"","","","","",Europe/Bucharest,1
682301,ru,EU,"Европа",RO,"Румыния",IF,"Илфов","","","","",Europe/Bucharest,1
686716,ru,EU,"Европа",RO,"Румыния",BH,"","","","","",Europe/Bucharest,1
692881,ru,EU,"Европа",UA,"Украина",51,"Одесская область","","","Старая Некрасовка","",Europe/Kiev,0
695326,ru,EU,"Европа",UA,"Украина",07,"Волынская область","","","Рожище","",Europe/Kiev,0
711348,ru,EU,"Европа",UA,"Украина",61,"Тернопольская область","","","Бучач","",Europe/Kiev,0
712250,ru,EU,"Европа",UA,"Украина",05,"Винницкая область","","","Бершадь","",Europe/Kiev,0
712389,ru,EU,"Европа",UA,"Украина",32,"Киевская область","","","Березань","",Europe/Kiev,0
714353,ru,EU,"Европа",HU,"Венгрия",SZ,"Сабольч-Сатмар-Берег","","","","",Europe/Budapest,1
714718,ru,EU,"Европа",HU,"Венгрия",JN,"Яс-Надькун-Сольнок","","","","",Europe/Budapest,1
715259,ru,EU,"Европа",HU,"Венгрия",BZ,"Боршод-Абауй-Земплен","","","","",Europe/Budapest,1
715949,ru,EU,"Европа",HU,"Венгрия",BZ,"Боршод-Абауй-Земплен","","","","",Europe/Budapest,1
715960,ru,EU,"Европа",HU,"Венгрия",BZ,"Боршод-Абауй-Земплен","","","","",Europe/Budapest,1
721856,ru,EU,"Европа",HU,"Венгрия",CS,"","","","","",Europe/Budapest,1
722122,ru,EU,"Европа",HU,"Венгрия",BZ,"Боршод-Абауй-Земплен","","","","",Europe/Budapest,1
723585,ru,EU,"Европа",SK,"Словакия",KI,"","","","","",Europe/Bratislava,1
723595,ru,EU,"Европа",SK,"Словакия",KI,"","","","","",Europe/Bratislava,1
723768,ru,EU,"Европа",SK,"Словакия",BC,"","","","","",Europe/Bratislava,1
724016,ru,EU,"Европа",SK,"Словакия",KI,"","","","","",Europe/Bratislava,1
725128,ru,EU,"Европа",SK,"Словакия",KI,"","","","","",Europe/Bratislava,1
733515,ru,EU,"Европа",BG,"Болгария",08,"","","","Балчик","",Europe/Sofia,1
734979,ru,EU,"Европа",GR,"Греция",B,"",64,"","","",Europe/Athens,1
753320,ru,EU,"Европа",PL,"Польша",12,"Малопольское воеводство","","","","",Europe/Warsaw,1
755181,ru,EU,"Европа",PL,"Польша",06,"Люблинское воеводство","","","","",Europe/Warsaw,1
757298,ru,EU,"Европа",PL,"Польша",18,"Подкарпатское воеводство","","","","",Europe/Warsaw,1
762734,ru,EU,"Европа",PL,"Польша",18,"Подкарпатское воеводство","","","","",Europe/Warsaw,1
763323,ru,EU,"Европа",PL,"Польша",14,"Мазовецкое воеводство","","","Окунев","",Europe/Warsaw,1
763661,ru,EU,"Европа",PL,"Польша",14,"Мазовецкое воеводство","","","Нове-Място","",Europe/Warsaw,1
767669,ru,EU,"Европа",PL,"Польша",14,"Мазовецкое воеводство","","","","",Europe/Warsaw,1
769591,ru,EU,"Европа",PL,"Польша",18,"Подкарпатское воеводство","","","Каньчуга","",Europe/Warsaw,1
772016,ru,EU,"Европа",PL,"Польша",14,"Мазовецкое воеводство","","","","",Europe/Warsaw,1
773902,ru,EU,"Европа",PL,"Польша",14,"Мазовецкое воеводство","","","","",Europe/Warsaw,1
774393,ru,EU,"Европа",PL,"Польша",20,"Подляское воеводство","","","Хорощ","",Europe/Warsaw,1
776597,ru,EU,"Европа",PL,"Польша",20,"Подляское воеводство","","","Августов","",Europe/Warsaw,1
779451,ru,EU,"Европа",NO,"Норвегия",54,"","","","","",Europe/Oslo,0
789629,ru,EU,"Европа",MK,"Северная Македония",207,"Македонска-Каменица","","","","",Europe/Skopje,0
842062,ru,EU,"Европа",FI,"Финляндия",19,"Варсинайс-Суоми","","","","",Europe/Helsinki,1
910111,ru,AF,"Африка",ZM,"Замбия",07,"","","","Ливингстон","",Africa/Lusaka,0
933535,ru,AF,"Африка",BW,"Ботсвана",CE,"","","","","",Africa/Gaborone,0
935264,ru,AF,"Африка",RE,"Реюньон","","","","","Сен-Дени","",Indian/Reunion,1
982771,ru,AF,"Африка",ZA,"ЮАР",NC,"","","","","",Africa/Johannesburg,0
996419,ru,AF,"Африка",ZA,"ЮАР",KZN,"","","","","",Africa/Johannesburg,0
1152221,ru,AS,"Азия",TH,"Тайланд",58,"","","","","",Asia/Bangkok,0
1153035,ru,AS,"Азия",TH,"Тайланд",83,"","","","Кату","",Asia/Bangkok,0
1162261,ru,AS,"Азия",PK,"Пакистан",KP,"","","","","",Asia/Karachi,0
1168458,ru,AS,"Азия",PK,"Пакистан",JK,"Азад Кашмир","","","","",Asia/Karachi,0
1176445,ru,AS,"Азия",PK,"Пакистан",PB,"Пенджаб","","","","",Asia/Karachi,0
1184055,ru,AS,"Азия",PK,"Пакистан",SD,"Синд","","","Бадин","",Asia/Karachi,0
1214520,ru,AS,"Азия",ID,"Индонезия",SU,"Северная Суматра","","","Медан","",Asia/Jakarta,0
1224470,ru,AS,"Азия",LK,"Шри-Ланка",3,"",33,"","","",Asia/Colombo,0
1249931,ru,AS,"Азия",LK,"Шри-Ланка",1,"",13,"","","",Asia/Colombo,0
1252668,ru,AS,"Азия",IN,"Индия",AR,"Аруначал-Прадеш","","","","",Asia/Kolkata,0
1254710,ru,AS,"Азия",IN,"Индия",AS,"Ассам","","","Тезпур","",Asia/Kolkata,0
1257855,ru,AS,"Азия",IN,"Индия",HR,"Харьяна","","","","",Asia/Kolkata,0
1258099,ru,AS,"Азия",IN,"Индия",MH,"Махараштра","","","","",Asia/Kolkata,0
1264637,ru,AS,"Азия",IN,"Индия",AP,"Андхра-Прадеш","","","","",Asia/Kolkata,0
1265830,ru,AS,"Азия",IN,"Индия",OR,"","","","","",Asia/Kolkata,0
1270090,ru,AS,"Азия",IN,"Индия",RJ,"Раджастхан","","","","",Asia/Kolkata,0
1270102,ru,AS,"Азия",IN,"Индия",BR,"Бихар","","","","",Asia/Kolkata,0
1270668,ru,AS,"Азия",IN,"Индия",AP,"Андхра-Прадеш","","","Гунтура","",Asia/Kolkata,0
1277508,ru,AS,"Азия",IN,"Индия",WB,"Западная Бенгалия","","","","",Asia/Kolkata,0
1507565,ru,EU,"Европа",RU,"Россия",KGN,"Курганская область","","","Далматово","",Asia/Yekaterinburg,0
1516125,ru,AS,"Азия",MN,"Монголия",071,"","","","Алтай","",Asia/Hovd,0
1527534,ru,AS,"Азия",KG,"Кыргызстан",O,"Ошская Область","","","Ош","",Asia/Bishkek,0
1605069,ru,AS,"Азия",TH,"Тайланд",34,"","","","","",Asia/Bangkok,0
1622846,ru,AS,"Азия",ID,"Индонезия",BA,"","","","Убуд","",Asia/Makassar,0
1632937,ru,AS,"Азия",ID,"Индонезия",JB,"Западная Ява","","","","",Asia/Jakarta,0
1642227,ru,AS,"Азия",ID,"Индонезия",BT,"Бантен","","","","",Asia/Jakarta,0
1665813,ru,AS,"Азия",TW,"Тайвань",NWT,"","","","","",Asia/Taipei,0
1697018,ru,AS,"Азия",PH,"Филиппины",08,"Восточные Висайи",LEY,"","Ормок","",Asia/Manila,0
1701668,ru,AS,"Азия",PH,"Филиппины",00,"","","","Манила","",Asia/Manila,0
1701947,ru,AS,"Азия",PH,"Филиппины",07,"Центральные Висайи",CEB,"","","",Asia/Manila,0
1704271,ru,AS,"Азия",PH,"Филиппины",11,"",COM,"","","",Asia/Manila,0
1711982,ru,AS,"Азия",PH,"Филиппины",03,"Центральный Лусон",BUL,"","","",Asia/Manila,0
1713788,ru,AS,"Азия",PH,"Филиппины",12,"",SUK,"","","",Asia/Manila,0
1732705,ru,AS,"Азия",MY,"Малайзия",01,"Джохор","","","","",Asia/Kuala_Lumpur,0
1732752,ru,AS,"Азия",MY,"Малайзия",01,"Джохор","","","Джохор-Бару","",Asia/Kuala_Lumpur,0
1734418,ru,AS,"Азия",MY,"Малайзия",02,"Кедах","","","","",Asia/Kuala_Lumpur,0
1735172,ru,AS,"Азия",MY,"Малайзия",10,"Селангор","","","","",Asia/Kuala_Lumpur,0
1735459,ru,AS,"Азия",MY,"Малайзия",08,"","","","","",Asia/Kuala_Lumpur,0
1735535,ru,AS,"Азия",MY,"Малайзия",03,"","","","","",Asia/Kuala_Lumpur,0
1810820,ru,AS,"Азия",CN,"Китай",JX,"","","","Фучжоу","",Asia/Shanghai,0
1812690,ru,AS,"Азия",CN,"Китай",GX,"","","","","",Asia/Shanghai,0
1812990,ru,AS,"Азия",CN,"Китай",HA,"","","","","",Asia/Shanghai,0
1816336,ru,AS,"Азия",CN,"Китай",SD,"","","","Биньчжоу","",Asia/Shanghai,0
1819374,ru,AS,"Азия",HK,"Гонконг",NIS,"","","","","",Asia/Hong_Kong,0
1819529,ru,AS,"Азия",HK,"Гонконг",HWC,"","","","","",Asia/Hong_Kong,0
1835519,ru,AS,"Азия",KR,"Южная Корея",31,"","","","","",Asia/Seoul,0
1841149,ru,AS,"Азия",KR,"Южная Корея",48,"","","","Мирян","",Asia/Seoul,0
1855587,ru,AS,"Азия",JP,"Япония",28,"Хёго","","","","",Asia/Tokyo,0
1855670,ru,AS,"Азия",JP,"Япония",17,"","","","Нанао","",Asia/Tokyo,0
1857705,ru,AS,"Азия",JP,"Япония",20,"Нагано","","","","",Asia/Tokyo,0
1859951,ru,AS,"Азия",JP,"Япония",29,"","","","","",Asia/Tokyo,0
1862252,ru,AS,"Азия",JP,"Япония",13,"","","","","",Asia/Tokyo,0
1863289,ru,AS,"Азия",JP,"Япония",22,"Сидзуока","","","Хамамацу","",Asia/Tokyo,0
1863640,ru,AS,"Азия",JP,"Япония",21,"Гифу","","","","",Asia/Tokyo,0
1864913,ru,AS,"Азия",JP,"Япония",47,"Окинава","","","","",Asia/Tokyo,0
1881952,ru,AS,"Азия",SG,"Сингапур","","","","","","",Asia/Singapore,0
1979341,ru,AS,"Азия",KR,"Южная Корея",26,"","","","","",Asia/Seoul,0
1980500,ru,AS,"Азия",CN,"Китай",GD,"","","","","",Asia/Shanghai,0
1981209,ru,AS,"Азия",CN,"Китай",HN,"","","","","",Asia/Shanghai,0
1993966,ru,AS,"Азия",CN,"Китай",GX,"","","","","",Asia/Shanghai,0
2006091,ru,AS,"Азия",CN,"Китай",FJ,"","","","","",Asia/Shanghai,0
2010985,ru,AS,"Азия",ID,"Индонезия",JT,"","","","","",Asia/Jakarta,0
2015842,ru,EU,"Европа",RU,"Россия",IRK,"Иркутская область","","","Свирск","",Asia/Irkutsk,0
2020689,ru,EU,"Европа",RU,"Россия",PRI,"Приморский край","","","Лучегорск","",Asia/Vladivostok,0
2026583,ru,EU,"Европа",RU,"Россия",IRK,"Иркутская область","","","Бодайбо","",Asia/Irkutsk,0
2058273,ru,OC,"Океания",AU,"Австралия",SA,"Южная Австралия","","","Уилланга","",Australia/Adelaide,0
2065337,ru,OC,"Океания",AU,"Австралия",WA,"Западная Австралия","","","","",Australia/Perth,0
2066756,ru,OC,"Океания",AU,"Австралия",WA,"Западная Австралия","","","","",Australia/Perth,0
2082460,ru,AS,"Азия",ID,"Индонезия",PA,"","","","","",Asia/Jayapura,0
2110215,ru,OC,"Океания",KI,"Кирибати",G,"","","","","",Pacific/Tarawa,0
2112141,ru,AS,"Азия",JP,"Япония",07,"Фукусима","","","Корияма","",Asia/Tokyo,0
2127883,ru,AS,"Азия",JP,"Япония",02,"Аомори","","","","",Asia/Tokyo,0
2128327,ru,AS,"Азия",JP,"Япония",02,"Аомори","","","","",Asia/Tokyo,0
2144617,ru,OC,"Океания",AU,"Австралия",VIC,"Виктория","","","Уорракнабил","",Australia/Melbourne,0
2144957,ru,OC,"Океания",AU,"Австралия",NSW,"Новый Южный Уэльс","","","","",Australia/Sydney,0
2151622,ru,OC,"Океания",AU,"Австралия",TAS,"Тасмания","","","","",Australia/Hobart,0
2152593,ru,OC,"Океания",AU,"Австралия",VIC,"Виктория","","","","",Australia/Melbourne,0
2154616,ru,OC,"Океания",AU,"Австралия",VIC,"Виктория","","","","",Australia/Melbourne,0
2156694,ru,OC,"Океания",AU,"Австралия",NSW,"Новый Южный Уэльс","","","","",Australia/Sydney,0
2160063,ru,OC,"Океания",AU,"Австралия",NSW,"Новый Южный Уэльс","","","Лизмор","",Australia/Sydney,0
2161034,ru,OC,"Океания",AU,"Австралия",VIC,"Виктория","","","Корумбурра","",Australia/Melbourne,0
2161320,ru,OC,"Океания",AU,"Австралия",NSW,"Новый Южный Уэльс","","","","",Australia/Sydney,0
2162402,ru,OC,"Океания",AU,"Австралия",NSW,"Новый Южный Уэльс","","","","",Australia/Sydney,0
2166453,ru,OC,"Океания",AU,"Австралия",VIC,"Виктория","","","","",Australia/Melbourne,0
2171048,ru,OC,"Океания",AU,"Австралия",NSW,"Новый Южный Уэльс","","","","",Australia/Sydney,0
2183619,ru,OC,"Океания",NZ,"Новая Зеландия",WGN,"Веллингтон","","","","",Pacific/Auckland,0
2191913,ru,OC,"Океания",NZ,"Новая Зеландия",CAN,"Кентербери","","","","",Pacific/Auckland,0
2207821,ru,OC,"Океания",AU,"Австралия",NSW,"Новый Южный Уэльс","","","","",Australia/Sydney,0
2240449,ru,AF,"Африка",AO,"Ангола",LUA,"","","","Луанда","",Africa/Luanda,0
2243271,ru,AF,"Африка",AO,"Ангола",CAB,"Кабинда","","","Кабинда","",Africa/Luanda,0
2248698,ru,AF,"Африка",SN,"Сенегал",DB,"Диурбель","","","","",Africa/Dakar,0
2265223,ru,EU,"Европа",PT,"Португалия",15,"","","","","",Europe/Lisbon,1
2265271,ru,EU,"Европа",PT,"Португалия",15,"","","","","",Europe/Lisbon,1
2265432,ru,EU,"Европа",PT,"Португалия",11,"Лиссабон","","","Санта-Мария-дуз-Оливайш","",Europe/Lisbon,1
2270813,ru,EU,"Европа",PT,"Португалия",11,"Лиссабон","","","","",Europe/Lisbon,1
2270831,ru,EU,"Европа",PT,"Португалия",11,"Лиссабон","","","","",Europe/Lisbon,1
2271894,ru,EU,"Европа",PT,"Португалия",11,"Лиссабон","","","","",Europe/Lisbon,1
2272242,ru,EU,"Европа",PT,"Португалия",07,"","","","","",Europe/Lisbon,1
2276600,ru,AF,"Африка",LR,"Либерия",SI,"","","","","",Africa/Monrovia,0
2285318,ru,AF,"Африка",CI,"Кот-д'Ивуар",ZZ,"","","","","",Africa/Abidjan,0
2290849,ru,AF,"Африка",CI,"Кот-д'Ивуар",ZZ,"","","","Буна","",Africa/Abidjan,0
2295021,ru,AF,"Африка",GH,"Гана",BO,"","","","","",Africa/Accra,0
2332280,ru,AF,"Африка",NG,"Нигерия",PL,"","","","","",Africa/Lagos,0
2353151,ru,AF,"Африка",NG,"Нигерия",AB,"","","","Аба","",Africa/Lagos,0
2383827,ru,AF,"Африка",CF,"ЦАР",SE,"","","","","",Africa/Bangui,0
2483668,ru,AF,"Африка",DZ,"Алжир",48,"","","","","",Africa/Algiers,0
2509480,ru,EU,"Европа",ES,"Испания",CM,"Кастилия — Ла-Манча",CR,"","","",Europe/Madrid,1
2510692,ru,EU,"Европа",ES,"Испания",EX,"Эстремадура",BA,"","","",Europe/Madrid,1
2512186,ru,EU,"Европа",ES,"Испания",CN,"Канарские Острова",GC,"","Пуэрто-дель-Росарио","",Atlantic/Canary,1
2512319,ru,EU,"Европа",ES,"Испания",CM,"Кастилия — Ла-Манча",AB,"","","",Europe/Madrid,1
2512746,ru,EU,"Европа",ES,"Испания",AN,"Андалусия",SE,"","","",Europe/Madrid,1
2512998,ru,EU,"Европа",ES,"Испания",AN,"Андалусия",CO,"","","",Europe/Madrid,1
2516163,ru,EU,"Европа",ES,"Испания",AN,"Андалусия",J,"","","",Europe/Madrid,1
2516483,ru,EU,"Европа",ES,"Испания",EX,"Эстремадура",CC,"","","",Europe/Madrid,1
2516697,ru,EU,"Европа",ES,"Испания",AN,"Андалусия",H,"","","",Europe/Madrid,1
2517115,ru,EU,"Европа",ES,"Испания",AN,"Андалусия",GR,"","","",Europe/Madrid,1
2517910,ru,EU,"Европа",ES,"Испания",EX,"Эстремадура",BA,"","Эспаррагоса-де-Ларес","",Europe/Madrid,1
2519289,ru,EU,"Европа",ES,"Испания",AN,"Андалусия",CA,"","","",Europe/Madrid,1
2521909,ru,EU,"Европа",ES,"Испания",VC,"Область Валенсия",CS,"","","",Europe/Madrid,1
2522736,ru,EU,"Европа",IT,"Италия",78,"Калабрия",CS,"","","",Europe/Rome,1
2522975,ru,EU,"Европа",IT,"Италия",82,"Сицилия",ME,"Мессина","Таормина","",Europe/Rome,1
2523338,ru,EU,"Европа",IT,"Италия",82,"Сицилия",CT,"Катания","","",Europe/Rome,1
2523665,ru,EU,"Европа",IT,"Италия",88,"",CA,"","","",Europe/Rome,1
2523790,ru,EU,"Европа",IT,"Италия",78,"Калабрия",CS,"","","",Europe/Rome,1
2523880,ru,EU,"Европа",IT,"Италия",78,"Калабрия",VV,"","","",Europe/Rome,1
2524000,ru,EU,"Европа",IT,"Италия",78,"Калабрия",CZ,"","","",Europe/Rome,1
2524033,ru,EU,"Европа",IT,"Италия",88,"",SU,"","","",Europe/Rome,1
2563232,ru,EU,"Европа",MT,"Мальта",01,"","","","Аттард","",Europe/Malta,1
2617467,ru,EU,"Европа",DK,"Дания",81,"","","","","",Europe/Copenhagen,1
2617613,ru,EU,"Европа",DK,"Дания",82,"Центральная Ютландия","","","","",Europe/Copenhagen,1
2619303,ru,EU,"Европа",DK,"Дания",81,"","","","","",Europe/Copenhagen,1
2620751,ru,EU,"Европа",DK,"Дания",85,"Зеландия","","","","",Europe/Copenhagen,1
2620960,ru,EU,"Европа",DK,"Дания",82,"Центральная Ютландия","","","","",Europe/Copenhagen,1
2621230,ru,EU,"Европа",DK,"Дания",82,"Центральная Ютландия","","","","",Europe/Copenhagen,1
2633897,ru,EU,"Европа",GB,"Великобритания",ENG,"Англия",DBY,"Дербишир","","",Europe/London,0
2633999,ru,EU,"Европа",GB,"Великобритания",ENG,"Англия",DBY,"Дербишир","","",Europe/London,0
2634153,ru,EU,"Европа",GB,"Великобритания",ENG,"Англия",DEV,"","","",Europe/London,0
2635557,ru,EU,"Европа",GB,"Великобритания",WLS,"Уэльс",GWN,"","","",Europe/London,0
2636021,ru,EU,"Европа",GB,"Великобритания",ENG,"Англия",NYK,"","","",Europe/London,0
2638035,ru,EU,"Европа",GB,"Великобритания",ENG,"Англия",SOM,"Сомерсет","","",Europe/London,0
2638581,ru,EU,"Европа",GB,"Великобритания",ENG,"Англия",KEN,"Кент","","",Europe/London,0
2639317,ru,EU,"Европа",GB,"Великобритания",WLS,"Уэльс",CAY,"","","",Europe/London,0
2639334,ru,EU,"Европа",GB,"Великобритания",ENG,"Англия",HAM,"Хэмпшир","","",Europe/London,0
2640045,ru,EU,"Европа",GB,"Великобритания",WLS,"Уэльс",GWN,"","Портмадог","",Europe/London,0
2640349,ru,EU,"Европа",GB,"Великобритания",ENG,"Англия",DUR,"","Петерли","",Europe/London,0
2642608,ru,EU,"Европа",GB,"Великобритания",ENG,"Англия",LIN,"Линкольншир","","",Europe/London,0
2642696,ru,EU,"Европа",GB,"Великобритания",ENG,"Англия",SFK,"Саффолк","","",Europe/London,0
2643461,ru,EU,"Европа",GB,"Великобритания",ENG,"Англия",WSX,"","","",Europe/London,0
2643744,ru,EU,"Европа",GB,"Великобритания",ENG,"Англия",LND,"Лондонский Сити","","",Europe/London,0
2646673,ru,EU,"Европа",GB,"Великобритания",WLS,"Уэльс",FLN,"","","",Europe/London,0
2646858,ru,EU,"Европа",GB,"Великобритания",ENG,"Англия",WIL,"","","",Europe/London,0
2647108,ru,EU,"Европа",GB,"Великобритания",WLS,"Уэльс",CAY,"","","",Europe/London,0
2647133,ru,EU,"Европа",GB,"Великобритания",ENG,"Англия",CAM,"Кембридж","","",Europe/London,0
2647345,ru,EU,"Европа",GB,"Великобритания",ENG,"Англия",ESS,"","","",Europe/London,0
2647686,ru,EU,"Европа",GB,"Великобритания",SCT,"Шотландия",ELN,"Восточный Лотиан","","",Europe/London,0
2647784,ru,EU,"Европа",GB,"Великобритания",ENG,"Англия",LDS,"","Гайзли","",Europe/London,0
2647882,ru,EU,"Европа",GB,"Великобритания",ENG,"Англия",LIN,"Линкольншир","","",Europe/London,0
2648329,ru,EU,"Европа",GB,"Великобритания",ENG,"Англия",KEN,"Кент","","",Europe/London,0
2648803,ru,EU,"Европа",GB,"Великобритания",NIR,"Северная Ирландия",CCG,"","","",Europe/London,0
2649519,ru,EU,"Европа",GB,"Великобритания",ENG,"Англия",WSX,"","","",Europe/London,0
2650056,ru,EU,"Европа",GB,"Великобритания",ENG,"Англия",NFK,"","","",Europe/London,0
2650282,ru,EU,"Европа",GB,"Великобритания",ENG,"Англия",GLS,"Глостершир","","",Europe/London,0
2651216,ru,EU,"Европа",GB,"Великобритания",ENG,"Англия",NYK,"","","",Europe/London,0
2651366,ru,EU,"Европа",GB,"Великобритания",SCT,"Шотландия",FAL,"","","",Europe/London,0
2651500,ru,EU,"Европа",GB,"Великобритания",ENG,"Англия",KEN,"Кент","Дартфорде","",Europe/London,0
2653759,ru,EU,"Европа",GB,"Великобритания",ENG,"Англия",LIN,"Линкольншир","","",Europe/London,0
2654585,ru,EU,"Европа",GB,"Великобритания",ENG,"Англия",KEN,"Кент","","",Europe/London,0
2655316,ru,EU,"Европа",GB,"Великобритания",ENG,"Англия",NTT,"Ноттингемшир","","",Europe/London,0
2656065,ru,EU,"Европа",GB,"Великобритания",ENG,"Англия",BRY,"","","",Europe/London,0
2656833,ru,EU,"Европа",GB,"Великобритания",ENG,"Англия",WIL,"","","",Europe/London,0
2658177,ru,EU,"Европа",CH,"Швейцария",FR,"","","","","",Europe/Zurich,0
2658433,ru,EU,"Европа",CH,"Швейцария",FR,"","","","","",Europe/Zurich,0
2658575,ru,EU,"Европа",CH,"Швейцария",TG,"","","","Зирнах","",Europe/Zurich,0
2658653,ru,EU,"Европа",CH,"Швейцария",BE,"","","","Зедорф","",Europe/Zurich,0
2659047,ru,EU,"Европа",CH,"Швейцария",ZH,"","","","","",Europe/Zurich,0
2659540,ru,EU,"Европа",CH,"Швейцария",SG,"","","","","",Europe/Zurich,0
2659666,ru,EU,"Европа",CH,"Швейцария",FR,"","","","","",Europe/Zurich,0
2659869,ru,EU,"Европа",CH,"Швейцария",TI,"Тичино","","","Локарно","",Europe/Zurich,0
2659905,ru,EU,"Европа",CH,"Швейцария",AG,"кантон Аргау","","","Лойтвиль","",Europe/Zurich,0
2660266,ru,EU,"Европа",CH,"Швейцария",SZ,"","","","","",Europe/Zurich,0
2660918,ru,EU,"Европа",CH,"Швейцария",ZH,"","","","","",Europe/Zurich,0
2661241,ru,EU,"Европа",CH,"Швейцария",GR,"","","","","",Europe/Zurich,0
2661269,ru,EU,"Европа",CH,"Швейцария",TI,"Тичино","","","","",Europe/Zurich,0
2661752,ru,EU,"Европа",CH,"Швейцария",GR,"","","","Андер","",Europe/Zurich,0
2663308,ru,EU,"Европа",SE,"Швеция",N,"Халланд","","","","",Europe/Stockholm,1
2663399,ru,EU,"Европа",SE,"Швеция",M,"","","","","",Europe/Stockholm,1
2680641,ru,EU,"Европа",SE,"Швеция",U,"","","","","",Europe/Stockholm,1
2691538,ru,EU,"Европа",SE,"Швеция",O,"Вестра-Гёталанд","","","","",Europe/Stockholm,1
2698729,ru,EU,"Европа",SE,"Швеция",N,"Халланд","","","Кунгсбакка","",Europe/Stockholm,1
2704613,ru,EU,"Европа",SE,"Швеция",X,"Евлеборг","","","Худиксвалль","",Europe/Stockholm,1
2707057,ru,EU,"Европа",SE,"Швеция",C,"","","","","",Europe/Stockholm,1
2717971,ru,EU,"Европа",SE,"Швеция",O,"Вестра-Гёталанд","","","","",Europe/Stockholm,1
2732274,ru,EU,"Европа",PT,"Португалия",09,"Гуарда","","","","",Europe/Lisbon,1
2732712,ru,EU,"Европа",PT,"Португалия",03,"","","","","",Europe/Lisbon,1
2732784,ru,EU,"Европа",PT,"Португалия",03,"","","","","",Europe/Lisbon,1
2734858,ru,EU,"Европа",PT,"Португалия",01,"","","","","",Europe/Lisbon,1
2735316,ru,EU,"Европа",PT,"Португалия",01,"","","","","",Europe/Lisbon,1
2735366,ru,EU,"Европа",PT,"Португалия",13,"","","","","",Europe/Lisbon,1
2736107,ru,EU,"Европа",PT,"Португалия",03,"","","","","",Europe/Lisbon,1
2737650,ru,EU,"Европа",PT,"Португалия",13,"","","","","",Europe/Lisbon,1
2742681,ru,EU,"Европа",PT,"Португалия",01,"","","","","",Europe/Lisbon,1
2745528,ru,EU,"Европа",NL,"Нидерланды",NH,"Северная Голландия","","","","",Europe/Amsterdam,1
2747332,ru,EU,"Европа",NL,"Нидерланды",NH,"Северная Голландия","","","","",Europe/Amsterdam,1
2749473,ru,EU,"Европа",NL,"Нидерланды",FR,"Фрисланд","","","","",Europe/Amsterdam,1
2749816,ru,EU,"Европа",NL,"Нидерланды",GR,"Гронинген","","","","",Europe/Amsterdam,1
2751459,ru,EU,"Европа",NL,"Нидерланды",DR,"Дренте","","","","",Europe/Amsterdam,1
2751987,ru,EU,"Европа",NL,"Нидерланды",NB,"Северный Брабант","","","","",Europe/Amsterdam,1
2757783,ru,EU,"Европа",NL,"Нидерланды",UT,"Утрехт","","","","",Europe/Amsterdam,1
2758111,ru,EU,"Европа",NL,"Нидерланды",LI,"Лимбург","","","","",Europe/Amsterdam,1
2759849,ru,EU,"Европа",NL,"Нидерланды",UT,"Утрехт","","","","",Europe/Amsterdam,1
2761538,ru,EU,"Европа",AT,"Австрия",3,"Нижняя Австрия","","","Вайтра","",Europe/Vienna,1
2762558,ru,EU,"Европа",AT,"Австрия",4,"Верхняя Австрия","","","","",Europe/Vienna,1
2763488,ru,EU,"Европа",AT,"Австрия",6,"Штирия","","","","",Europe/Vienna,1
2764858,ru,EU,"Европа",AT,"Австрия",3,"Нижняя Австрия","","","","",Europe/Vienna,1
2766420,ru,EU,"Европа",AT,"Австрия",6,"Штирия","","","","",Europe/Vienna,1
2766924,ru,EU,"Европа",AT,"Австрия",5,"Зальцбург","","","","",Europe/Vienna,1
2768586,ru,EU,"Европа",AT,"Австрия",6,"Штирия","","","","",Europe/Vienna,1
2771779,ru,EU,"Европа",AT,"Австрия",4,"Верхняя Австрия","","","Мауэркирхен","",Europe/Vienna,1
2773733,ru,EU,"Европа",AT,"Австрия",4,"Верхняя Австрия","","","Кёнигсвизен","",Europe/Vienna,1
2774761,ru,EU,"Европа",AT,"Австрия",7,"Тироль","","","","",Europe/Vienna,1
2778772,ru,EU,"Европа",AT,"Австрия",3,"Нижняя Австрия","","","Гавайнсталь","",Europe/Vienna,1
2779545,ru,EU,"Европа",AT,"Австрия",6,"Штирия","","","","",Europe/Vienna,1
2780113,ru,EU,"Европа",AT,"Австрия",5,"Зальцбург","","","Эльсбетен","",Europe/Vienna,1
2781061,ru,EU,"Европа",AT,"Австрия",2,"Каринтия","","","","",Europe/Vienna,1
2781734,ru,EU,"Европа",AT,"Австрия",3,"Нижняя Австрия","","","","",Europe/Vienna,1
2781800,ru,EU,"Европа",AT,"Австрия",7,"Тироль","","","","",Europe/Vienna,1
2782278,ru,EU,"Европа",AT,"Австрия",3,"Нижняя Австрия","","","","",Europe/Vienna,1
2782673,ru,EU,"Европа",AT,"Австрия",5,"Зальцбург","","","Альтенмаркт (Понгау)","",Europe/Vienna,1
2783081,ru,EU,"Европа",BE,"Бельгия",VLG,"",VAN,"","Звейндрехт","",Europe/Brussels,1
2786499,ru,EU,"Европа",BE,"Бельгия",WAL,"",WLG,"","","",Europe/Brussels,1
2792076,ru,EU,"Европа",BE,"Бельгия",WAL,"",WBR,"","","",Europe/Brussels,1
2792898,ru,EU,"Европа",BE,"Бельгия",VLG,"",VBR,"","","",Europe/Brussels,1
2794934,ru,EU,"Европа",BE,"Бельгия",WAL,"",WNA,"","","",Europe/Brussels,1
2797937,ru,EU,"Европа",BE,"Бельгия",WAL,"",WHT,"","Фруашапель","",Europe/Brussels,1
2798581,ru,EU,"Европа",BE,"Бельгия",VLG,"",VWV,"","","",Europe/Brussels,1
2803564,ru,EU,"Европа",DE,"Германия",HE,"Гессен","","","","",Europe/Berlin,1
2807440,ru,EU,"Европа",DE,"Германия",RP,"Рейнланд-Пфальц","","","","",Europe/Berlin,1
2809138,ru,EU,"Европа",DE,"Германия",BW,"Баден-Вюртемберг","","","Вислох","",Europe/Berlin,1
2811899,ru,EU,"Европа",DE,"Германия",ST,"Саксония-Анхальт","","","Вайсенфельс","",Europe/Berlin,1
2814005,ru,EU,"Европа",DE,"Германия",NW,"Северный Рейн-Вестфалия","","","Варштайн","",Europe/Berlin,1
2814462,ru,EU,"Европа",DE,"Германия",NI,"Нижняя Саксония","","","Вальсроде","",Europe/Berlin,1
2815345,ru,EU,"Европа",DE,"Германия",NI,"Нижняя Саксония","","","Варенхольц","",Europe/Berlin,1
2815623,ru,EU,"Европа",DE,"Германия",SH,"Шлезвиг-Гольштейн","","","","",Europe/Berlin,1
2821956,ru,EU,"Европа",DE,"Германия",SH,"Шлезвиг-Гольштейн","","","","",Europe/Berlin,1
2826503,ru,EU,"Европа",DE,"Германия",NI,"Нижняя Саксония","","","Штольценау","",Europe/Berlin,1
2828984,ru,EU,"Европа",DE,"Германия",RP,"Рейнланд-Пфальц","","","","",Europe/Berlin,1
2829731,ru,EU,"Европа",DE,"Германия",SH,"Шлезвиг-Гольштейн","","","Штадум","",Europe/Berlin,1
2829920,ru,EU,"Европа",DE,"Германия",BW,"Баден-Вюртемберг","","","","",Europe/Berlin,1
2835019,ru,EU,"Европа",DE,"Германия",BY,"Бавария","","","Шварценбах-ам-Вальд","",Europe/Berlin,1
2836319,ru,EU,"Европа",DE,"Германия",BY,"Бавария","","","","",Europe/Berlin,1
2836908,ru,EU,"Европа",DE,"Германия",BB,"Бранденбург","","","","",Europe/Berlin,1
2836925,ru,EU,"Европа",DE,"Германия",SH,"Шлезвиг-Гольштейн","","","","",Europe/Berlin,1
2838240,ru,EU,"Европа",DE,"Германия",TH,"","","","Шлотхайм","",Europe/Berlin,1
2843493,ru,EU,"Европа",DE,"Германия",BB,"Бранденбург","","","","",Europe/Berlin,1
2846261,ru,EU,"Европа",DE,"Германия",SN,"","","","Рохлиц","",Europe/Berlin,1
2846398,ru,EU,"Европа",DE,"Германия",NI,"Нижняя Саксония","","","Риттерхуде","",Europe/Berlin,1
2852758,ru,EU,"Европа",DE,"Германия",RP,"Рейнланд-Пфальц","","","","",Europe/Berlin,1
2853961,ru,EU,"Европа",DE,"Германия",BY,"Бавария","","","Пфраймд","",Europe/Berlin,1
2857037,ru,EU,"Европа",DE,"Германия",BW,"Баден-Вюртемберг","","","Орзинген-Ненцинген","",Europe/Berlin,1
2862713,ru,EU,"Европа",DE,"Германия",BY,"Бавария","","","","",Europe/Berlin,1
2865603,ru,EU,"Европа",DE,"Германия",BY,"Бавария","","","Нойенмаркт","",Europe/Berlin,1
2866917,ru,EU,"Европа",DE,"Германия",HE,"Гессен","","","Наухайм","",Europe/Berlin,1
2871662,ru,EU,"Европа",DE,"Германия",BB,"Бранденбург","","","Мешерин","",Europe/Berlin,1
2871889,ru,EU,"Европа",DE,"Германия",NI,"Нижняя Саксония","","","Менслаге","",Europe/Berlin,1
2875918,ru,EU,"Европа",DE,"Германия",SH,"Шлезвиг-Гольштейн","","","","",Europe/Berlin,1
2875987,ru,EU,"Европа",DE,"Германия",NI,"Нижняя Саксония","","","Лёнинген","",Europe/Berlin,1
2879870,ru,EU,"Европа",DE,"Германия",HE,"Гессен","","","Лаутерталь","",Europe/Berlin,1
2880425,ru,EU,"Европа",DE,"Германия",BY,"Бавария","","","Лапперсдорф","",Europe/Berlin,1
2882265,ru,EU,"Европа",DE,"Германия",RP,"Рейнланд-Пфальц","","","Кузель","",Europe/Berlin,1
2883366,ru,EU,"Европа",DE,"Германия",SH,"Шлезвиг-Гольштейн","","","","",Europe/Berlin,1
2893112,ru,EU,"Европа",DE,"Германия",RP,"Рейнланд-Пфальц","","","","",Europe/Berlin,1
2893572,ru,EU,"Европа",DE,"Германия",RP,"Рейнланд-Пфальц","","","","",Europe/Berlin,1
2894924,ru,EU,"Европа",DE,"Германия",RP,"Рейнланд-Пфальц","","","Йеттенбах","",Europe/Berlin,1
2897263,ru,EU,"Европа",DE,"Германия",RP,"Рейнланд-Пфальц","","","","",Europe/Berlin,1
2901377,ru,EU,"Европа",DE,"Германия",ST,"Саксония-Анхальт","","","","",Europe/Berlin,1
2915288,ru,EU,"Европа",DE,"Германия",MV,"","","","","",Europe/Berlin,1
2916567,ru,EU,"Европа",DE,"Германия",NI,"Нижняя Саксония","","","","",Europe/Berlin,1
2919620,ru,EU,"Европа",DE,"Германия",BY,"Бавария","","","Гоксхайм","",Europe/Berlin,1
2920027,ru,EU,"Европа",DE,"Германия",SN,"","","","Глаубиц","",Europe/Berlin,1
2920891,ru,EU,"Европа",DE,"Германия",BY,"Бавария","","","Герстхофен","",Europe/Berlin,1
2926371,ru,EU,"Европа",DE,"Германия",TH,"","","","","",Europe/Berlin,1
2933965,ru,EU,"Европа",DE,"Германия",SN,"","","","","",Europe/Berlin,1
2934635,ru,EU,"Европа",DE,"Германия",MV,"","","","Думмерсторф","",Europe/Berlin,1
2938295,ru,EU,"Европа",DE,"Германия",SN,"","","","Демиц-Тумиц","",Europe/Berlin,1
2945043,ru,EU,"Европа",DE,"Германия",BW,"Баден-Вюртемберг","","","Браунсбах","",Europe/Berlin,1
2945073,ru,EU,"Европа",DE,"Германия",HE,"Гессен","","","Браунфельс","",Europe/Berlin,1
2947114,ru,EU,"Европа",DE,"Германия",TH,"","","","","",Europe/Berlin,1
2952651,ru,EU,"Европа",DE,"Германия",SH,"Шлезвиг-Гольштейн","","","Баргфельд-Штеген","",Europe/Berlin,1
2955464,ru,EU,"Европа",DE,"Германия",BY,"Бавария","","","Арншванг","",Europe/Berlin,1
2959538,ru,EU,"Европа",DE,"Германия",NI,"Нижняя Саксония","","","Адельхайдсдорф","",Europe/Berlin,1
2960318,ru,EU,"Европа",LU,"Люксембург",WI,"","","","","",Europe/Luxembourg,1
2964671,ru,EU,"Европа",IE,"Ирландия",M,"Манстер",CO,"","","",Europe/Dublin,1
2966925,ru,EU,"Европа",IE,"Ирландия",L,"Ленстер",LH,"","Арди","",Europe/Dublin,1
2967497,ru,EU,"Европа",FR,"Франция",GES,"",57,"","","",Europe/Paris,1
2967923,ru,EU,"Европа",FR,"Франция",NAQ,"",17,"Приморская Шаранта","Вирсон","",Europe/Paris,1
2967945,ru,EU,"Европа",FR,"Франция",ARA,"",01,"","","",Europe/Paris,1
2968317,ru,EU,"Европа",FR,"Франция",HDF,"",60,"","","",Europe/Paris,1
2970353,ru,EU,"Европа",FR,"Франция",HDF,"",80,"","","",Europe/Paris,1
2970793,ru,EU,"Европа",FR,"Франция",NOR,"",27,"","","",Europe/Paris,1
2970838,ru,EU,"Европа",FR,"Франция",PAC,"Прованс — Альпы — Лазурный Берег",84,"","Вальреас","",Europe/Paris,1
2972989,ru,EU,"Европа",FR,"Франция",BRE,"Бретань",56,"","","",Europe/Paris,1
2973379,ru,EU,"Европа",FR,"Франция",NAQ,"",23,"","","",Europe/Paris,1
2974743,ru,EU,"Европа",FR,"Франция",ARA,"",74,"","","",Europe/Paris,1
2975870,ru,EU,"Европа",FR,"Франция",HDF,"",62,"","","",Europe/Paris,1
2976021,ru,EU,"Европа",FR,"Франция",NAQ,"",64,"","Сар","",Europe/Paris,1
2977947,ru,EU,"Европа",FR,"Франция",PAC,"Прованс — Альпы — Лазурный Берег",13,"","Сен-Митр-ле-Рампар","",Europe/Paris,1
2978403,ru,EU,"Европа",FR,"Франция",NOR,"",50,"","","",Europe/Paris,1
2978754,ru,EU,"Европа",FR,"Франция",NAQ,"",40,"","","",Europe/Paris,1
2978838,ru,EU,"Европа",FR,"Франция",NAQ,"",79,"","","",Europe/Paris,1
2979298,ru,EU,"Европа",FR,"Франция",ARA,"",07,"","","",Europe/Paris,1
2980232,ru,EU,"Европа",FR,"Франция",BFC,"",71,"","","",Europe/Paris,1
2980792,ru,EU,"Европа",FR,"Франция",NOR,"",76,"","","",Europe/Paris,1
2982541,ru,EU,"Европа",FR,"Франция",BFC,"",25,"","","",Europe/Paris,1
2983261,ru,EU,"Европа",FR,"Франция",BFC,"",39,"","","",Europe/Paris,1
2983268,ru,EU,"Европа",FR,"Франция",OCC,"",30,"","","",Europe/Paris,1
2984053,ru,EU,"Европа",FR,"Франция",HDF,"",62,"","","",Europe/Paris,1
2985241,ru,EU,"Европа",FR,"Франция",BFC,"",25,"","","",Europe/Paris,1
2986087,ru,EU,"Европа",FR,"Франция",PDL,"Земли Луары",72,"","","",Europe/Paris,1
2986734,ru,EU,"Европа",FR,"Франция",GES,"",67,"","","",Europe/Paris,1
2986938,ru,EU,"Европа",FR,"Франция",OCC,"",32,"","","",Europe/Paris,1
2987376,ru,EU,"Европа",FR,"Франция",OCC,"",31,"","Пибрак","",Europe/Paris,1
2987908,ru,EU,"Европа",FR,"Франция",GES,"",52,"","","",Europe/Paris,1
2988568,ru,EU,"Европа",FR,"Франция",ARA,"",01,"","","",Europe/Paris,1
2988894,ru,EU,"Европа",FR,"Франция",BFC,"",25,"","","",Europe/Paris,1
2988947,ru,EU,"Европа",FR,"Франция",OCC,"",09,"","","",Europe/Paris,1
2989813,ru,EU,"Европа",FR,"Франция",GES,"",68,"","","",Europe/Paris,1
2990176,ru,EU,"Европа",FR,"Франция",BFC,"",58,"","","",Europe/Paris,1
2990936,ru,EU,"Европа",FR,"Франция",IDF,"",77,"","","",Europe/Paris,1
2991229,ru,EU,"Европа",FR,"Франция",GES,"",67,"","","",Europe/Paris,1
2992233,ru,EU,"Европа",FR,"Франция",BFC,"",39,"","","",Europe/Paris,1
2992605,ru,EU,"Европа",FR,"Франция",ARA,"",38,"","","",Europe/Paris,1
2992628,ru,EU,"Европа",FR,"Франция",NOR,"",50,"","","",Europe/Paris,1
2992960,ru,EU,"Европа",FR,"Франция",NAQ,"",47,"","","",Europe/Paris,1
2994166,ru,EU,"Европа",FR,"Франция",HDF,"",80,"","","",Europe/Paris,1
2994192,ru,EU,"Европа",FR,"Франция",ARA,"",63,"","","",Europe/Paris,1
2995022,ru,EU,"Европа",FR,"Франция",ARA,"",63,"","","",Europe/Paris,1
2995130,ru,EU,"Европа",FR,"Франция",HDF,"",60,"","","",Europe/Paris,1
2995966,ru,EU,"Европа",FR,"Франция",BRE,"Бретань",35,"","","",Europe/Paris,1
2996267,ru,EU,"Европа",FR,"Франция",CVL,"",45,"","","",Europe/Paris,1
2996534,ru,EU,"Европа",FR,"Франция",HDF,"",02,"","","",Europe/Paris,1
2996888,ru,EU,"Европа",FR,"Франция",GES,"",67,"","","",Europe/Paris,1
2996978,ru,EU,"Европа",FR,"Франция",OCC,"",46,"","","",Europe/Paris,1
2997241,ru,EU,"Европа",FR,"Франция",ARA,"",69,"","","",Europe/Paris,1
2997262,ru,EU,"Европа",FR,"Франция",OCC,"",12,"","","",Europe/Paris,1
2997437,ru,EU,"Европа",FR,"Франция",NAQ,"",64,"","Луосоа","",Europe/Paris,1
2997993,ru,EU,"Европа",FR,"Франция",GES,"",10,"","","",Europe/Paris,1
2998013,ru,EU,"Европа",FR,"Франция",GES,"",67,"","","",Europe/Paris,1
2998998,ru,EU,"Европа",FR,"Франция",BFC,"",25,"","","",Europe/Paris,1
2999184,ru,EU,"Европа",FR,"Франция",NOR,"",76,"","","",Europe/Paris,1
2999251,ru,EU,"Европа",FR,"Франция",NOR,"",50,"","","",Europe/Paris,1
3002552,ru,EU,"Европа",FR,"Франция",NAQ,"",17,"Приморская Шаранта","","",Europe/Paris,1
3004434,ru,EU,"Европа",FR,"Франция",OCC,"",34,"","","",Europe/Paris,1
3004675,ru,EU,"Европа",FR,"Франция",CVL,"",18,"","","",Europe/Paris,1
3006196,ru,EU,"Европа",FR,"Франция",PDL,"Земли Луары",49,"","","",Europe/Paris,1
3006293,ru,EU,"Европа",FR,"Франция",ARA,"",38,"","","",Europe/Paris,1
3006687,ru,EU,"Европа",FR,"Франция",NAQ,"",33,"","","",Europe/Paris,1
3007090,ru,EU,"Европа",FR,"Франция",BFC,"",71,"","","",Europe/Paris,1
3007351,ru,EU,"Европа",FR,"Франция",GES,"",88,"","","",Europe/Paris,1
3007461,ru,EU,"Европа",FR,"Франция",ARA,"",03,"","Лапалис","",Europe/Paris,1
3007666,ru,EU,"Европа",FR,"Франция",BRE,"Бретань",22,"","Лангё","",Europe/Paris,1
3008560,ru,EU,"Европа",FR,"Франция",NAQ,"",17,"Приморская Шаранта","","",Europe/Paris,1
3009481,ru,EU,"Европа",FR,"Франция",IDF,"",77,"","","",Europe/Paris,1
3009871,ru,EU,"Европа",FR,"Франция",ARA,"",26,"","","",Europe/Paris,1
3010603,ru,EU,"Европа",FR,"Франция",OCC,"",81,"","","",Europe/Paris,1
3010648,ru,EU,"Европа",FR,"Франция",PDL,"Земли Луары",85,"","","",Europe/Paris,1
3011110,ru,EU,"Европа",FR,"Франция",BFC,"",21,"","","",Europe/Paris,1
3014050,ru,EU,"Европа",FR,"Франция",HDF,"",80,"","Алланкур","",Europe/Paris,1
3014867,ru,EU,"Европа",FR,"Франция",NOR,"",50,"","Гранвиль","",Europe/Paris,1
3015397,ru,EU,"Европа",FR,"Франция",NOR,"",14,"","","",Europe/Paris,1
3015690,ru,EU,"Европа",FR,"Франция",OCC,"",32,"","","",Europe/Paris,1
3015926,ru,EU,"Европа",FR,"Франция",NOR,"",27,"","Жизор","",Europe/Paris,1
3015975,ru,EU,"Европа",FR,"Франция",HDF,"",60,"","","",Europe/Paris,1
3016139,ru,EU,"Европа",FR,"Франция",OCC,"",65,"","","",Europe/Paris,1
3017477,ru,EU,"Европа",FR,"Франция",OCC,"",30,"","","",Europe/Paris,1
3017947,ru,EU,"Европа",FR,"Франция",OCC,"",11,"","","",Europe/Paris,1
3018178,ru,EU,"Европа",FR,"Франция",ARA,"",01,"","","",Europe/Paris,1
3020825,ru,EU,"Европа",FR,"Франция",OCC,"",31,"","","",Europe/Paris,1
3020948,ru,EU,"Европа",FR,"Франция",GES,"",52,"","","",Europe/Paris,1
3021096,ru,EU,"Европа",FR,"Франция",GES,"",54,"","","",Europe/Paris,1
3021417,ru,EU,"Европа",FR,"Франция",BFC,"",21,"","","",Europe/Paris,1
3022530,ru,EU,"Европа",FR,"Франция",IDF,"",94,"","Кретей","",Europe/Paris,1
3022703,ru,EU,"Европа",FR,"Франция",GES,"",10,"","","",Europe/Paris,1
3023086,ru,EU,"Европа",FR,"Франция",GES,"",57,"","Курсель-сюр-Нье","",Europe/Paris,1
3023592,ru,EU,"Европа",FR,"Франция",NOR,"",27,"","","",Europe/Paris,1
3024011,ru,EU,"Европа",FR,"Франция",BRE,"Бретань",56,"","","",Europe/Paris,1
3024090,ru,EU,"Европа",FR,"Франция",ARA,"",03,"","Коммантри","",Europe/Paris,1
3024197,ru,EU,"Европа",FR,"Франция",OCC,"",30,"","","",Europe/Paris,1
3025641,ru,EU,"Европа",FR,"Франция",PDL,"Земли Луары",85,"","","",Europe/Paris,1
3025745,ru,EU,"Европа",FR,"Франция",ARA,"",74,"","","",Europe/Paris,1
3026045,ru,EU,"Европа",FR,"Франция",NAQ,"",79,"","","",Europe/Paris,1
3026204,ru,EU,"Европа",FR,"Франция",CVL,"",36,"","Шатору","",Europe/Paris,1
3027252,ru,EU,"Европа",FR,"Франция",NAQ,"",24,"","","",Europe/Paris,1
3028020,ru,EU,"Европа",FR,"Франция",GES,"",52,"","","",Europe/Paris,1
3029350,ru,EU,"Европа",FR,"Франция",BFC,"",71,"","","",Europe/Paris,1
3029451,ru,EU,"Европа",FR,"Франция",ARA,"",63,"","","",Europe/Paris,1
3029787,ru,EU,"Европа",FR,"Франция",NAQ,"",79,"","","",Europe/Paris,1
3029808,ru,EU,"Европа",FR,"Франция",GES,"",68,"","","",Europe/Paris,1
3031097,ru,EU,"Европа",FR,"Франция",GES,"",68,"","","",Europe/Paris,1
3032544,ru,EU,"Европа",FR,"Франция",GES,"",67,"","Бишвиллер","",Europe/Paris,1
3033140,ru,EU,"Европа",FR,"Франция",NOR,"",76,"","","",Europe/Paris,1
3033498,ru,EU,"Европа",FR,"Франция",GES,"",57,"","","",Europe/Paris,1
3034641,ru,EU,"Европа",FR,"Франция",NAQ,"",40,"","","",Europe/Paris,1
3035496,ru,EU,"Европа",FR,"Франция",CVL,"",45,"","","",Europe/Paris,1
3035498,ru,EU,"Европа",FR,"Франция",GES,"",54,"","Баккара","",Europe/Paris,1
3035560,ru,EU,"Европа",FR,"Франция",NAQ,"",17,"Приморская Шаранта","Этре","",Europe/Paris,1
3036796,ru,EU,"Европа",FR,"Франция",OCC,"",11,"","Аркет-ан-Валь","",Europe/Paris,1
3037080,ru,EU,"Европа",FR,"Франция",NAQ,"",64,"","Арганьон","",Europe/Paris,1
3037565,ru,EU,"Европа",FR,"Франция",NOR,"",14,"","","",Europe/Paris,1
3037797,ru,EU,"Европа",FR,"Франция",PDL,"Земли Луары",44,"","","",Europe/Paris,1
3038590,ru,EU,"Европа",FR,"Франция",NOR,"",50,"","","",Europe/Paris,1
3043378,ru,EU,"Европа",HU,"Венгрия",ZA,"Зала","","","","",Europe/Budapest,1
3043721,ru,EU,"Европа",HU,"Венгрия",BA,"","","","","",Europe/Budapest,1
3044161,ru,EU,"Европа",HU,"Венгрия",PE,"","","","","",Europe/Budapest,1
3046693,ru,EU,"Европа",HU,"Венгрия",GS,"Дьёр-Мошон-Шопрон","","","","",Europe/Budapest,1
3049095,ru,EU,"Европа",HU,"Венгрия",TO,"","","","","",Europe/Budapest,1
3054526,ru,EU,"Европа",HU,"Венгрия",VA,"Ваш","","","","",Europe/Budapest,1
3054735,ru,EU,"Европа",HU,"Венгрия",VE,"","","","","",Europe/Budapest,1
3056947,ru,EU,"Европа",SK,"Словакия",ZI,"","","","","",Europe/Bratislava,1
3057232,ru,EU,"Европа",SK,"Словакия",NI,"","","","","",Europe/Bratislava,1
3059008,ru,EU,"Европа",SK,"Словакия",NI,"","","","","",Europe/Bratislava,1
3059454,ru,EU,"Европа",SK,"Словакия",BC,"","","","","",Europe/Bratislava,1
3059981,ru,EU,"Европа",SK,"Словакия",TA,"","","","","",Europe/Bratislava,1
3060308,ru,EU,"Европа",SK,"Словакия",TA,"","","","Дунайска-Стреда","",Europe/Bratislava,1
3060839,ru,EU,"Европа",SK,"Словакия",TC,"","","","Чахтице","",Europe/Bratislava,1
3060910,ru,EU,"Европа",SK,"Словакия",TA,"","","","","",Europe/Bratislava,1
3061849,ru,EU,"Европа",CZ,"Чешская Республика",64,"Южноморавский край",645,"Годонин","","",Europe/Prague,1
3062111,ru,EU,"Европа",CZ,"Чешская Республика",71,"",715,"Шумперк","Забржег","",Europe/Prague,1
3062775,ru,EU,"Европа",CZ,"Чешская Республика",31,"Южночешский край",315,"Прахатице","","",Europe/Prague,1
3062783,ru,EU,"Европа",CZ,"Чешская Республика",72,"",724,"Злин","","",Europe/Prague,1
3063131,ru,EU,"Европа",CZ,"Чешская Республика",42,"",421,"Дечин","","",Europe/Prague,1
3063339,ru,EU,"Европа",CZ,"Чешская Республика",63,"",635,"Ждяр-над-Сазавоу","","",Europe/Prague,1
3063353,ru,EU,"Европа",CZ,"Чешская Республика",53,"",531,"Хрудим","","",Europe/Prague,1
3064354,ru,EU,"Европа",CZ,"Чешская Республика",63,"",635,"Ждяр-над-Сазавоу","","",Europe/Prague,1
3064510,ru,EU,"Европа",CZ,"Чешская Республика",63,"",631,"Гавличкув-Брод","Светла-над-Сазавоу","",Europe/Prague,1
3064520,ru,EU,"Европа",CZ,"Чешская Республика",20,"Среднечешский край",209,"","","",Europe/Prague,1
3065017,ru,EU,"Европа",CZ,"Чешская Республика",41,"",412,"","","",Europe/Prague,1
3065157,ru,EU,"Европа",CZ,"Чешская Республика",52,"",521,"Градец-Кралове","","",Europe/Prague,1
3065180,ru,EU,"Европа",CZ,"Чешская Республика",71,"",715,"Шумперк","","",Europe/Prague,1
3069796,ru,EU,"Европа",CZ,"Чешская Республика",20,"Среднечешский край",201,"Бенешов","","",Europe/Prague,1
3072753,ru,EU,"Европа",CZ,"Чешская Республика",20,"Среднечешский край",205,"Кутна-Гора","","",Europe/Prague,1
3073254,ru,EU,"Европа",CZ,"Чешская Республика",80,"",804,"Нови-Йичин","Копршивницах","",Europe/Prague,1
3075447,ru,EU,"Европа",CZ,"Чешская Республика",80,"",803,"","","",Europe/Prague,1
3078073,ru,EU,"Европа",CZ,"Чешская Республика",41,"",412,"","","",Europe/Prague,1
3078342,ru,EU,"Европа",CZ,"Чешская Республика",20,"Среднечешский край",202,"Бероун","","",Europe/Prague,1
3079203,ru,EU,"Европа",CZ,"Чешская Республика",32,"",324,"","Бловице","",Europe/Prague,1
3080389,ru,EU,"Европа",PL,"Польша",16,"Опольское воеводство","","","Здзешовице","",Europe/Warsaw,1
3081495,ru,EU,"Европа",PL,"Польша",12,"Малопольское воеводство","","","Вольбром","",Europe/Warsaw,1
3082310,ru,EU,"Европа",PL,"Польша",04,"Куявско-Поморское воеводство","","","","",Europe/Warsaw,1
3084069,ru,EU,"Европа",PL,"Польша",04,"Куявско-Поморское воеводство","","","","",Europe/Warsaw,1
3085495,ru,EU,"Европа",PL,"Польша",08,"Любуское воеводство","","","Слубице","",Europe/Warsaw,1
3085663,ru,EU,"Европа",PL,"Польша",30,"Великопольское воеводство","","","Скульск","",Europe/Warsaw,1
3086076,ru,EU,"Европа",PL,"Польша",02,"Нижнесилезское воеводство","","","","",Europe/Warsaw,1
3087076,ru,EU,"Европа",PL,"Польша",24,"Силезское воеводство","","","","",Europe/Warsaw,1
3087203,ru,EU,"Европа",PL,"Польша",16,"Опольское воеводство","","","","",Europe/Warsaw,1
3087529,ru,EU,"Европа",PL,"Польша",24,"Силезское воеводство","","","","",Europe/Warsaw,1
3088030,ru,EU,"Европа",PL,"Польша",10,"Лодзинское воеводство","","","","",Europe/Warsaw,1
3091186,ru,EU,"Европа",PL,"Польша",02,"Нижнесилезское воеводство","","","","",Europe/Warsaw,1
3091523,ru,EU,"Европа",PL,"Польша",04,"Куявско-Поморское воеводство","","","Могильно","",Europe/Warsaw,1
3091999,ru,EU,"Европа",PL,"Польша",24,"Силезское воеводство","","","","",Europe/Warsaw,1
3093979,ru,EU,"Европа",PL,"Польша",08,"Любуское воеводство","","","","",Europe/Warsaw,1
3094995,ru,EU,"Европа",PL,"Польша",30,"Великопольское воеводство","","","","",Europe/Warsaw,1
3101415,ru,EU,"Европа",PL,"Польша",24,"Силезское воеводство","","","","",Europe/Warsaw,1
3102561,ru,EU,"Европа",PL,"Польша",24,"Силезское воеводство","","","","",Europe/Warsaw,1
3103831,ru,EU,"Европа",PL,"Польша",10,"Лодзинское воеводство","","","","",Europe/Warsaw,1
3104285,ru,EU,"Европа",ES,"Испания",CL,"Кастилия и Леон",SG,"","","",Europe/Madrid,1
3104324,ru,EU,"Европа",ES,"Испания",AR,"Арагон",Z,"","Сарагоса","",Europe/Madrid,1
3109787,ru,EU,"Европа",ES,"Испания",PV,"Страна Басков",BI,"Бискайя","","",Europe/Madrid,1
3111867,ru,EU,"Европа",ES,"Испания",CL,"Кастилия и Леон",SG,"","Риаса","",Europe/Madrid,1
3112154,ru,EU,"Европа",ES,"Испания",GA,"Галиция",PO,"","Редондела","",Europe/Madrid,1
3113082,ru,EU,"Европа",ES,"Испания",PV,"Страна Басков",BI,"Бискайя","Португалете","",Europe/Madrid,1
3114780,ru,EU,"Европа",ES,"Испания",GA,"Галиция",LU,"","","",Europe/Madrid,1
3115616,ru,EU,"Европа",ES,"Испания",CT,"Каталония",B,"","","",Europe/Madrid,1
3115907,ru,EU,"Европа",ES,"Испания",PV,"Страна Басков",BI,"Бискайя","","",Europe/Madrid,1
3117069,ru,EU,"Европа",ES,"Испания",GA,"Галиция",LU,"","","",Europe/Madrid,1
3117527,ru,EU,"Европа",ES,"Испания",CL,"Кастилия и Леон",LE,"","","",Europe/Madrid,1
3117635,ru,EU,"Европа",ES,"Испания",CB,"Кантабрия",S,"","","",Europe/Madrid,1
3117950,ru,EU,"Европа",ES,"Испания",CL,"Кастилия и Леон",SO,"","","",Europe/Madrid,1
3119081,ru,EU,"Европа",ES,"Испания",NC,"Наварра",NA,"","","",Europe/Madrid,1
3119428,ru,EU,"Европа",ES,"Испания",GA,"Галиция",OR,"","","",Europe/Madrid,1
3120662,ru,EU,"Европа",ES,"Испания",RI,"Риоха",LO,"","","",Europe/Madrid,1
3120799,ru,EU,"Европа",ES,"Испания",CB,"Кантабрия",S,"","","",Europe/Madrid,1
3121964,ru,EU,"Европа",ES,"Испания",AR,"Арагон",Z,"","","",Europe/Madrid,1
3122554,ru,EU,"Европа",ES,"Испания",CL,"Кастилия и Леон",LE,"","","",Europe/Madrid,1
3126082,ru,EU,"Европа",ES,"Испания",MD,"Область Мадрид",M,"","","",Europe/Madrid,1
3128247,ru,EU,"Европа",ES,"Испания",PV,"Страна Басков",VI,"","","",Europe/Madrid,1
3130194,ru,EU,"Европа",ES,"Испания",PV,"Страна Басков",SS,"Гипускоа","","",Europe/Madrid,1
3131901,ru,EU,"Европа",NO,"Норвегия",18,"","","","","",Europe/Oslo,0
3132319,ru,EU,"Европа",NO,"Норвегия",30,"","","","","",Europe/Oslo,0
3147975,ru,EU,"Европа",NO,"Норвегия",46,"","","","","",Europe/Oslo,0
3151265,ru,EU,"Европа",NO,"Норвегия",46,"","","","","",Europe/Oslo,0
3153057,ru,EU,"Европа",NO,"Норвегия",15,"","","","","",Europe/Oslo,0
3154704,ru,EU,"Европа",NO,"Норвегия",30,"","","","","",Europe/Oslo,0
3156892,ru,EU,"Европа",NO,"Норвегия",46,"","","","","",Europe/Oslo,0
3164115,ru,EU,"Европа",IT,"Италия",45,"",RN,"","","",Europe/Rome,1
3164572,ru,EU,"Европа",IT,"Италия",52,"Тоскана",LI,"","","",Europe/Rome,1
3164663,ru,EU,"Европа",IT,"Италия",52,"Тоскана",PI,"","","",Europe/Rome,1
3165288,ru,EU,"Европа",IT,"Италия",45,"",PC,"","","",Europe/Rome,1
3165396,ru,EU,"Европа",IT,"Италия",65,"Абруццо",TE,"","","",Europe/Rome,1
3165529,ru,EU,"Европа",IT,"Италия",67,"Молизе",CB,"","","",Europe/Rome,1
3166189,ru,EU,"Европа",IT,"Италия",75,"Апулия",TA,"","","",Europe/Rome,1
3167091,ru,EU,"Европа",IT,"Италия",52,"Тоскана",LI,"","Сассетта","",Europe/Rome,1
3167560,ru,EU,"Европа",IT,"Италия",45,"",FE,"","","",Europe/Rome,1
3167963,ru,EU,"Европа",IT,"Италия",32,"Больцано",TN,"","","",Europe/Rome,1
3168471,ru,EU,"Европа",IT,"Италия",45,"",RN,"","","",Europe/Rome,1
3169335,ru,EU,"Европа",IT,"Италия",45,"",MO,"","","",Europe/Rome,1
3169347,ru,EU,"Европа",IT,"Италия",52,"Тоскана",LI,"","","",Europe/Rome,1
3169561,ru,EU,"Европа",IT,"Италия",45,"",RA,"","Равенна","",Europe/Rome,1
3170154,ru,EU,"Европа",IT,"Италия",36,"",PN,"","","",Europe/Rome,1
3170335,ru,EU,"Европа",IT,"Италия",72,"Кампания",NA,"","Помпеи","",Europe/Rome,1
3170694,ru,EU,"Европа",IT,"Италия",21,"Пьемонт",TO,"","Пинероло","",Europe/Rome,1
3171758,ru,EU,"Европа",IT,"Италия",21,"Пьемонт",AL,"","","",Europe/Rome,1
3171898,ru,EU,"Европа",IT,"Италия",62,"Лацио",VT,"","Орте","",Europe/Rome,1
3172621,ru,EU,"Европа",IT,"Италия",21,"Пьемонт",AL,"","","",Europe/Rome,1
3172775,ru,EU,"Европа",IT,"Италия",52,"Тоскана",SI,"","","",Europe/Rome,1
3173140,ru,EU,"Европа",IT,"Италия",32,"Больцано",BZ,"","","",Europe/Rome,1
3173528,ru,EU,"Европа",IT,"Италия",34,"Венеция",PD,"","","",Europe/Rome,1
3174711,ru,EU,"Европа",IT,"Италия",21,"Пьемонт",CN,"","","",Europe/Rome,1
3174784,ru,EU,"Европа",IT,"Италия",32,"Больцано",TN,"","","",Europe/Rome,1
3176942,ru,EU,"Европа",IT,"Италия",45,"",FC,"Форли-Чезена","","",Europe/Rome,1
3177943,ru,EU,"Европа",IT,"Италия",32,"Больцано",BZ,"","Корвара-ин-Бадия","",Europe/Rome,1
3179189,ru,EU,"Европа",IT,"Италия",21,"Пьемонт",VC,"","","",Europe/Rome,1
3179212,ru,EU,"Европа",IT,"Италия",75,"Апулия",FG,"","","",Europe/Rome,1
3179271,ru,EU,"Европа",IT,"Италия",42,"Лигурия",GE,"","","",Europe/Rome,1
3179424,ru,EU,"Европа",IT,"Италия",42,"Лигурия",GE,"","","",Europe/Rome,1
3179510,ru,EU,"Европа",IT,"Италия",67,"Молизе",IS,"","","",Europe/Rome,1
3180426,ru,EU,"Европа",IT,"Италия",67,"Молизе",IS,"","","",Europe/Rome,1
3181647,ru,EU,"Европа",IT,"Италия",25,"",BS,"","","",Europe/Rome,1
3182295,ru,EU,"Европа",IT,"Италия",62,"Лацио",VT,"","","",Europe/Rome,1
3182425,ru,EU,"Европа",IT,"Италия",77,"Базиликата",PZ,"","","",Europe/Rome,1
3186472,ru,EU,"Европа",SI,"Словения",114,"Словенске-Конице","","","","",Europe/Ljubljana,1
3188837,ru,EU,"Европа",HR,"Хорватия",15,"","","","","",Europe/Zagreb,1
3190873,ru,EU,"Европа",HR,"Хорватия",13,"","","","","",Europe/Zagreb,1
3192865,ru,EU,"Европа",HR,"Хорватия",01,"","","","","",Europe/Zagreb,1
3197536,ru,EU,"Европа",HR,"Хорватия",20,"","","","","",Europe/Zagreb,1
3199376,ru,EU,"Европа",HR,"Хорватия",06,"","","","","",Europe/Zagreb,1
3199765,ru,EU,"Европа",SI,"Словения",158,"","","","","",Europe/Ljubljana,1
3208348,ru,EU,"Европа",DE,"Германия",BY,"Бавария","","","","",Europe/Berlin,1
3364059,ru,AF,"Африка",ZA,"ЮАР",WC,"","","","","",Africa/Johannesburg,0
3368253,ru,AF,"Африка",ZA,"ЮАР",WC,"","","","","",Africa/Johannesburg,0
3368991,ru,AF,"Африка",ZA,"ЮАР",WC,"","","","","",Africa/Johannesburg,0
3369157,ru,AF,"Африка",ZA,"ЮАР",WC,"","","","Кейптаун","",Africa/Johannesburg,0
3374275,ru,AF,"Африка",CV,"Острова Зеленого Мыса",RG,"","","","","",Atlantic/Cape_Verde,0
3376223,ru,SA,"Южная Америка",GY,"Гайана",MA,"","","","","",America/Guyana,0
3389366,ru,SA,"Южная Америка",BR,"Бразилия",PE,"Пернамбуку","","","","",America/Recife,0
3392742,ru,SA,"Южная Америка",BR,"Бразилия",PB,"","","","Паулиста","",America/Fortaleza,0
3393098,ru,SA,"Южная Америка",BR,"Бразилия",PB,"","","","","",America/Recife,0
3393876,ru,SA,"Южная Америка",BR,"Бразилия",RN,"","","","","",America/Fortaleza,0
3397292,ru,SA,"Южная Америка",BR,"Бразилия",MA,"Мараньян","","","","",America/Fortaleza,0
3429863,ru,SA,"Южная Америка",AR,"Аргентина",B,"","","","","",America/Argentina/Buenos_Aires,0
3443280,ru,SA,"Южная Америка",UY,"Уругвай",FD,"","","","","",America/Montevideo,0
3445727,ru,SA,"Южная Америка",BR,"Бразилия",SP,"","","","","",America/Sao_Paulo,0
3446087,ru,SA,"Южная Америка",BR,"Бразилия",RS,"","","","","",America/Sao_Paulo,0
3447909,ru,SA,"Южная Америка",BR,"Бразилия",RS,"","","","","",America/Sao_Paulo,0
3447927,ru,SA,"Южная Америка",BR,"Бразилия",SC,"","","","","",America/Sao_Paulo,0
3449434,ru,SA,"Южная Америка",BR,"Бразилия",MG,"Минас-Жерайс","","","","",America/Sao_Paulo,0
3449672,ru,SA,"Южная Америка",BR,"Бразилия",BA,"","","","","",America/Bahia,0
3450225,ru,SA,"Южная Америка",BR,"Бразилия",SP,"","","","","",America/Sao_Paulo,0
3450806,ru,SA,"Южная Америка",BR,"Бразилия",MG,"Минас-Жерайс","","","","",America/Sao_Paulo,0
3455082,ru,SA,"Южная Америка",BR,"Бразилия",BA,"","","","","",America/Bahia,0
3458945,ru,SA,"Южная Америка",BR,"Бразилия",BA,"","","","","",America/Bahia,0
3459407,ru,SA,"Южная Америка",BR,"Бразилия",SP,"","","","","",America/Sao_Paulo,0
3459867,ru,SA,"Южная Америка",BR,"Бразилия",MG,"Минас-Жерайс","","","","",America/Sao_Paulo,0
3460588,ru,SA,"Южная Америка",BR,"Бразилия",MG,"Минас-Жерайс","","","","",America/Sao_Paulo,0
3460738,ru,SA,"Южная Америка",BR,"Бразилия",ES,"Эспириту-Санту","","","Итапемирин","",America/Sao_Paulo,0
3460817,ru,SA,"Южная Америка",BR,"Бразилия",MG,"Минас-Жерайс","","","Итамбакури","",America/Sao_Paulo,0
3460982,ru,SA,"Южная Америка",BR,"Бразилия",GO,"Гояс","","","","",America/Sao_Paulo,0
3461958,ru,SA,"Южная Америка",BR,"Бразилия",MG,"Минас-Жерайс","","","","",America/Sao_Paulo,0
3463303,ru,SA,"Южная Америка",BR,"Бразилия",PR,"","","","","",America/Sao_Paulo,0
3463447,ru,SA,"Южная Америка",BR,"Бразилия",MG,"Минас-Жерайс","","","","",America/Sao_Paulo,0
3463750,ru,SA,"Южная Америка",BR,"Бразилия",MG,"Минас-Жерайс","","","","",America/Sao_Paulo,0
3464105,ru,SA,"Южная Америка",BR,"Бразилия",MG,"Минас-Жерайс","","","","",America/Sao_Paulo,0
3465927,ru,SA,"Южная Америка",BR,"Бразилия",PR,"","","","Коломбо","",America/Sao_Paulo,0
3466351,ru,SA,"Южная Америка",BR,"Бразилия",SP,"","","","","",America/Sao_Paulo,0
3466680,ru,SA,"Южная Америка",BR,"Бразилия",MG,"Минас-Жерайс","","","","",America/Sao_Paulo,0
3467012,ru,SA,"Южная Америка",BR,"Бразилия",MG,"Минас-Жерайс","","","Карангола","",America/Sao_Paulo,0
3467687,ru,SA,"Южная Америка",BR,"Бразилия",GO,"Гояс","","","","",America/Sao_Paulo,0
3469456,ru,SA,"Южная Америка",BR,"Бразилия",GO,"Гояс","","","","",America/Sao_Paulo,0
3470117,ru,SA,"Южная Америка",BR,"Бразилия",MG,"Минас-Жерайс","","","","",America/Sao_Paulo,0
3470162,ru,SA,"Южная Америка",BR,"Бразилия",PR,"","","","","",America/Sao_Paulo,0
3472245,ru,SA,"Южная Америка",BR,"Бразилия",MG,"Минас-Жерайс","","","Андреландия","",America/Sao_Paulo,0
3493180,ru,NA,"Северная Америка",DO,"Доминиканская Республика",23,"","","","","",America/Santo_Domingo,0
3504077,ru,NA,"Северная Америка",DO,"Доминиканская Республика",10,"","","","","",America/Santo_Domingo,0
3512067,ru,NA,"Северная Америка",DO,"Доминиканская Республика",17,"","","","Бан","",America/Santo_Domingo,0
3519678,ru,NA,"Северная Америка",MX,"Мексика",HID,"","","","","",America/Mexico_City,0
3520922,ru,NA,"Северная Америка",MX,"Мексика",GRO,"","","","","",America/Mexico_City,0
3522505,ru,NA,"Северная Америка",MX,"Мексика",MOR,"","","","","",America/Mexico_City,0
3532414,ru,NA,"Северная Америка",MX,"Мексика",VER,"","","","","",America/Mexico_City,0
3533376,ru,NA,"Северная Америка",MX,"Мексика",VER,"","","","","",America/Mexico_City,0
3573885,ru,NA,"Северная Америка",TT,"Тринидад и Тобаго",CTT,"","","","","",America/Port_of_Spain,0
3574689,ru,NA,"Северная Америка",TT,"Тринидад и Тобаго",SGE,"","","","","",America/Port_of_Spain,0
3576569,ru,NA,"Северная Америка",LC,"Сент-Люсия",08,"Микуд","","","","",America/St_Lucia,0
3576810,ru,NA,"Северная Америка",LC,"Сент-Люсия",02,"Кастри","","","","",America/St_Lucia,0
3576891,ru,NA,"Северная Америка",LC,"Сент-Люсия",01,"","","","","",America/St_Lucia,0
3622765,ru,NA,"Северная Америка",CR,"Коста-Рика",G,"","","","","",America/Costa_Rica,0
3625008,ru,NA,"Северная Америка",CR,"Коста-Рика",H,"","","","","",America/Costa_Rica,0
3649397,ru,SA,"Южная Америка",VE,"Венесуэла",G,"","","","","",America/Caracas,0
3667887,ru,SA,"Южная Америка",CO,"Колумбия",SAN,"","","","","",America/Bogota,0
3668454,ru,SA,"Южная Америка",CO,"Колумбия",RIS,"","","","Санта-Роса-де-Кабаль","",America/Bogota,0
3671418,ru,SA,"Южная Америка",CO,"Колумбия",MET,"","","","","",America/Bogota,0
3672651,ru,SA,"Южная Америка",CO,"Колумбия",BOY,"","","","","",America/Bogota,0
3674676,ru,SA,"Южная Америка",CO,"Колумбия",VAU,"","","","","",America/Bogota,0
3685413,ru,SA,"Южная Америка",CO,"Колумбия",CUN,"","","","","",America/Bogota,0
3685649,ru,SA,"Южная Америка",CO,"Колумбия",ANT,"","","","","",America/Bogota,0
3687952,ru,SA,"Южная Америка",CO,"Колумбия",ANT,"","","","Кальдас","",America/Bogota,0
3690316,ru,SA,"Южная Америка",CO,"Колумбия",CAS,"","","","","",America/Bogota,0
3696150,ru,SA,"Южная Америка",PE,"Перу",CAJ,"","","","Хаэн","",America/Lima,0
3734327,ru,SA,"Южная Америка",CO,"Колумбия",GUV,"","","","","",America/Bogota,0
3783696,ru,SA,"Южная Америка",CO,"Колумбия",COR,"","","","","",America/Bogota,0
3832719,ru,SA,"Южная Америка",AR,"Аргентина",X,"","","","","",America/Argentina/Cordoba,0
3834665,ru,SA,"Южная Америка",AR,"Аргентина",X,"","","","","",America/Argentina/Cordoba,0
3841150,ru,SA,"Южная Америка",AR,"Аргентина",S,"","","","","",America/Argentina/Cordoba,0
3848216,ru,SA,"Южная Америка",AR,"Аргентина",Q,"","","","","",America/Argentina/Salta,0
3864285,ru,SA,"Южная Америка",AR,"Аргентина",L,"","","","","",America/Argentina/Salta,0
3883262,ru,SA,"Южная Америка",CL,"Чили",ML,"","","","","",America/Santiago,0
3888011,ru,SA,"Южная Америка",CL,"Чили",VS,"","","","Ихуэлас","",America/Santiago,0
3888214,ru,SA,"Южная Америка",CL,"Чили",VS,"","","","","",America/Santiago,0
3899629,ru,SA,"Южная Америка",CL,"Чили",AR,"","","","Анголь","",America/Santiago,0
3936455,ru,SA,"Южная Америка",PE,"Перу",PUN,"Пуно","","","","",America/Lima,0
3938323,ru,SA,"Южная Америка",PE,"Перу",ICA,"Ика","","","","",America/Lima,0
3970630,ru,NA,"Северная Америка",MX,"Мексика",SON,"Сонора","","","","",America/Hermosillo,0
3982567,ru,NA,"Северная Америка",MX,"Мексика",JAL,"","","","","",America/Mexico_City,0
3988214,ru,NA,"Северная Америка",MX,"Мексика",GUA,"","","","Саламанка","",America/Mexico_City,0
3994469,ru,NA,"Северная Америка",MX,"Мексика",CHH,"Чиуауа","","","","",America/Ojinaga,0
4005143,ru,NA,"Северная Америка",MX,"Мексика",SON,"Сонора","","","Гуаймас","",America/Hermosillo,0
4016086,ru,NA,"Северная Америка",MX,"Мексика",AGU,"Агуаскальентес","","","","",America/Mexico_City,0
4065665,ru,NA,"Северная Америка",US,"США",AL,"Алабама","","","",691,America/Chicago,0
4066844,ru,NA,"Северная Америка",US,"США",AL,"Алабама","","","",575,America/Chicago,0
4077143,ru,NA,"Северная Америка",US,"США",AL,"Алабама","","","",630,America/Chicago,0
4081696,ru,NA,"Северная Америка",US,"США",AL,"Алабама","","","",686,America/Chicago,0
4146537,ru,NA,"Северная Америка",US,"США",FL,"Флорида","","","",686,America/Chicago,0
4151366,ru,NA,"Северная Америка",US,"США",FL,"Флорида","","","",571,America/New_York,0
4169171,ru,NA,"Северная Америка",US,"США",FL,"Флорида","","","",548,America/New_York,0
4185863,ru,NA,"Северная Америка",US,"США",GA,"Джорджия","","","",525,America/New_York,0
4198514,ru,NA,"Северная Америка",US,"США",GA,"Джорджия","","","",520,America/New_York,0
4200671,ru,NA,"Северная Америка",US,"США",GA,"Джорджия","","","",507,America/New_York,0
4207676,ru,NA,"Северная Америка",US,"США",GA,"Джорджия","","","Мэнсфилд",524,America/New_York,0
4219374,ru,NA,"Северная Америка",US,"США",GA,"Джорджия","","","",575,America/New_York,0
4226552,ru,NA,"Северная Америка",US,"США",GA,"Джорджия","","","",525,America/New_York,0
4232568,ru,NA,"Северная Америка",US,"США",IL,"Иллинойс","","","",649,America/Chicago,0
4245926,ru,NA,"Северная Америка",US,"США",IL,"Иллинойс","","","",609,America/Chicago,0
4246180,ru,NA,"Северная Америка",US,"США",IL,"Иллинойс","","","",609,America/Chicago,0
4266067,ru,NA,"Северная Америка",US,"США",IN,"Индиана","","","",529,America/Kentucky/Louisville,0
4268183,ru,NA,"Северная Америка",US,"США",KS,"Канзас","","","",605,America/Chicago,0
4270444,ru,NA,"Северная Америка",US,"США",KS,"Канзас","","","",722,America/Chicago,0
4270876,ru,NA,"Северная Америка",US,"США",KS,"Канзас","","","",678,America/Chicago,0
4271131,ru,NA,"Северная Америка",US,"США",KS,"Канзас","","","Эри",603,America/Chicago,0
4279034,ru,NA,"Северная Америка",US,"США",KS,"Канзас","","","",722,America/Chicago,0
4281063,ru,NA,"Северная Америка",US,"США",KS,"Канзас","","","",678,America/Chicago,0
4281717,ru,NA,"Северная Америка",US,"США",KS,"Канзас","","","",605,America/Chicago,0
4282411,ru,NA,"Северная Америка",US,"США",KY,"Кентуки","","","",659,America/Chicago,0
4283110,ru,NA,"Северная Америка",US,"США",KY,"Кентуки","","","",564,America/New_York,0
4297148,ru,NA,"Северная Америка",US,"США",KY,"Кентуки","","","",541,America/Chicago,0
4300339,ru,NA,"Северная Америка",US,"США",KY,"Кентуки","","","",541,America/New_York,0
4308063,ru,NA,"Северная Америка",US,"США",KY,"Кентуки","","","",541,America/New_York,0
4330740,ru,NA,"Северная Америка",US,"США",LA,"Луизиана","","","",644,America/Chicago,0
4350053,ru,NA,"Северная Америка",US,"США",MD,"Мэриленд","","","",511,America/New_York,0
4370890,ru,NA,"Северная Америка",US,"США",MD,"Мэриленд","","","",511,America/New_York,0
4383202,ru,NA,"Северная Америка",US,"США",MO,"Миссури","","","",619,America/Chicago,0
4387496,ru,NA,"Северная Америка",US,"США",MO,"Миссури","","","",604,America/Chicago,0
4409195,ru,NA,"Северная Америка",US,"США",MO,"Миссури","","","",616,America/Chicago,0
4418819,ru,NA,"Северная Америка",US,"США",MS,"Миссисипи","","","",673,America/Chicago,0
4446548,ru,NA,"Северная Америка",US,"США",MS,"Миссисипи","","","",710,America/Chicago,0
4471629,ru,NA,"Северная Америка",US,"США",NC,"Северная Каролина","","","",545,America/New_York,0
4484559,ru,NA,"Северная Америка",US,"США",NC,"Северная Каролина","","","",567,America/New_York,0
4514438,ru,NA,"Северная Америка",US,"США",OH,"Огайо","","","",542,America/New_York,0
4531370,ru,NA,"Северная Америка",US,"США",OK,"Оклахома","","","",671,America/Chicago,0
4539283,ru,NA,"Северная Америка",US,"США",OK,"Оклахома","","","",627,America/Chicago,0
4548267,ru,NA,"Северная Америка",US,"США",OK,"Оклахома","","","",650,America/Chicago,0
4552910,ru,NA,"Северная Америка",US,"США",OK,"Оклахома","","","",623,America/Chicago,0
4554649,ru,NA,"Северная Америка",US,"США",OK,"Оклахома","","","",650,America/Chicago,0
4558665,ru,NA,"Северная Америка",US,"США",PA,"Пенсильвания","","","",504,America/New_York,0
4560577,ru,NA,"Северная Америка",US,"США",PA,"Пенсильвания","","","",566,America/New_York,0
4561041,ru,NA,"Северная Америка",US,"США",PA,"Пенсильвания","","","",511,America/New_York,0
4562078,ru,NA,"Северная Америка",US,"США",PA,"Пенсильвания","","","",508,America/New_York,0
4568451,ru,NA,"Северная Америка",PR,"Пуэрто-Рико","","","","","","",America/Puerto_Rico,0
4584269,ru,NA,"Северная Америка",US,"США",SC,"Южная Каролина","","","",567,America/New_York,0
4677392,ru,NA,"Северная Америка",US,"США",TX,"Техас","","","",641,America/Chicago,0
4682066,ru,NA,"Северная Америка",US,"США",TX,"Техас","","","Клифтон",623,America/Chicago,0
4682464,ru,NA,"Северная Америка",US,"США",TX,"Техас","","","Колледж-Стейшен",625,America/Chicago,0
4685892,ru,NA,"Северная Америка",US,"США",TX,"Техас","","","Денисон",657,America/Chicago,0
4693150,ru,NA,"Северная Америка",US,"США",TX,"Техас","","","",625,America/Chicago,0
4704628,ru,NA,"Северная Америка",US,"США",TX,"Техас","","","",618,America/Chicago,0
4709710,ru,NA,"Северная Америка",US,"США",TX,"Техас","","","",662,America/Chicago,0
4727557,ru,NA,"Северная Америка",US,"США",TX,"Техас","","","",612,America/Chicago,0
4735629,ru,NA,"Северная Америка",US,"США",TX,"Техас","","","",641,America/Chicago,0
4736963,ru,NA,"Северная Америка",US,"США",TX,"Техас","","","",657,America/Chicago,0
4739226,ru,NA,"Северная Америка",US,"США",TX,"Техас","","","",692,America/Chicago,0
4757960,ru,NA,"Северная Америка",US,"США",VA,"Вирджиния","","","Юинг",557,America/New_York,0
4771014,ru,NA,"Северная Америка",US,"США",VA,"Вирджиния","","","",511,America/New_York,0
4780126,ru,NA,"Северная Америка",US,"США",VA,"Вирджиния","","","",531,America/New_York,0
4797458,ru,NA,"Северная Америка",US,"США",WV,"Западная Виргиния","","","",564,America/New_York,0
4807507,ru,NA,"Северная Америка",US,"США",WV,"Западная Виргиния","","","",573,America/New_York,0
4820129,ru,NA,"Северная Америка",US,"США",WV,"Западная Виргиния","","","",598,America/New_York,0
4829224,ru,NA,"Северная Америка",US,"США",TX,"Техас","","","",625,America/Chicago,0
4848022,ru,NA,"Северная Америка",US,"США",IA,"Айова","","","Бедфорд",679,America/Chicago,0
4848489,ru,NA,"Северная Америка",US,"США",IA,"Айова","","","",682,America/Chicago,0
4850061,ru,NA,"Северная Америка",US,"США",IA,"Айова","","","",637,America/Chicago,0
4869454,ru,NA,"Северная Америка",US,"США",IA,"Айова","","","",652,America/Chicago,0
4883078,ru,NA,"Северная Америка",US,"США",IL,"Иллинойс","","","",602,America/Chicago,0
4883687,ru,NA,"Северная Америка",US,"США",IL,"Иллинойс","","","",602,America/Chicago,0
4902486,ru,NA,"Северная Америка",US,"США",IL,"Иллинойс","","","",602,America/Chicago,0
4911600,ru,NA,"Северная Америка",US,"США",IL,"Иллинойс","","","Скоки",602,America/Chicago,0
4915533,ru,NA,"Северная Америка",US,"США",IL,"Иллинойс","","","",717,America/Chicago,0
4974723,ru,NA,"Северная Америка",US,"США",ME,"Мэн","","","",537,America/New_York,0
4979352,ru,NA,"Северная Америка",US,"США",ME,"Мэн","","","",537,America/New_York,0
4982671,ru,NA,"Северная Америка",US,"США",ME,"Мэн","","","",500,America/New_York,0
5006404,ru,NA,"Северная Америка",US,"США",MI,"Мичиган","","","",553,America/Menominee,0
5006581,ru,NA,"Северная Америка",US,"США",MI,"Мичиган","","","",563,America/Detroit,0
5023465,ru,NA,"Северная Америка",US,"США",MN,"Миннесота","","","Крукстон",724,America/Chicago,0
5025807,ru,NA,"Северная Америка",US,"США",MN,"Миннесота","","","",724,America/Chicago,0
5026416,ru,NA,"Северная Америка",US,"США",MN,"Миннесота","","","Фергус-Фолс",724,America/Chicago,0
5026959,ru,NA,"Северная Америка",US,"США",MN,"Миннесота","","","Фладвуд",676,America/Chicago,0
5029288,ru,NA,"Северная Америка",US,"США",MN,"Миннесота","","","",737,America/Chicago,0
5031678,ru,NA,"Северная Америка",US,"США",MN,"Миннесота","","","Джексон",613,America/Chicago,0
5039978,ru,NA,"Северная Америка",US,"США",MN,"Миннесота","","","Окдейл",613,America/Chicago,0
5044347,ru,NA,"Северная Америка",US,"США",MN,"Миннесота","","","",613,America/Chicago,0
5048480,ru,NA,"Северная Америка",US,"США",MN,"Миннесота","","","",676,America/Chicago,0
5058715,ru,NA,"Северная Америка",US,"США",ND,"Северная Дакота","","","",724,America/Chicago,0
5062292,ru,NA,"Северная Америка",US,"США",ND,"Северная Дакота","","","",724,America/Chicago,0
5067646,ru,NA,"Северная Америка",US,"США",NE,"Небраска","","","",722,America/Chicago,0
5075991,ru,NA,"Северная Америка",US,"США",NE,"Небраска","","","Рандольф",624,America/Chicago,0
5083731,ru,NA,"Северная Америка",US,"США",NH,"Нью-Гэмпшир","","","",506,America/New_York,0
5089850,ru,NA,"Северная Америка",US,"США",NH,"Нью-Гэмпшир","","","",500,America/New_York,0
5090383,ru,NA,"Северная Америка",US,"США",NH,"Нью-Гэмпшир","","","",506,America/New_York,0
5092346,ru,NA,"Северная Америка",US,"США",NH,"Нью-Гэмпшир","","","",500,America/New_York,0
5093422,ru,NA,"Северная Америка",US,"США",NH,"Нью-Гэмпшир","","","",506,America/New_York,0
5097006,ru,NA,"Северная Америка",US,"США",NJ,"Нью-Джерси","","","",501,America/New_York,0
5099060,ru,NA,"Северная Америка",US,"США",NJ,"Нью-Джерси","","","",501,America/New_York,0
5112771,ru,NA,"Северная Америка",US,"США",NY,"Нью-Йорк","","","",514,America/New_York,0
5114585,ru,NA,"Северная Америка",US,"США",NY,"Нью-Йорк","","","",514,America/New_York,0
5117864,ru,NA,"Северная Америка",US,"США",NY,"Нью-Йорк","","","Франклин",502,America/New_York,0
5122417,ru,NA,"Северная Америка",US,"США",NY,"Нью-Йорк","","","",501,America/New_York,0
5122579,ru,NA,"Северная Америка",US,"США",NY,"Нью-Йорк","","","",532,America/New_York,0
5125086,ru,NA,"Северная Америка",US,"США",NY,"Нью-Йорк","","","Лонг-Бич",501,America/New_York,0
5129194,ru,NA,"Северная Америка",US,"США",NY,"Нью-Йорк","","","",523,America/New_York,0
5137663,ru,NA,"Северная Америка",US,"США",NY,"Нью-Йорк","","","",501,America/New_York,0
5143807,ru,NA,"Северная Америка",US,"США",NY,"Нью-Йорк","","","",532,America/New_York,0
5151012,ru,NA,"Северная Америка",US,"США",OH,"Огайо","","","",542,America/New_York,0
5152291,ru,NA,"Северная Америка",US,"США",OH,"Огайо","","","",596,America/New_York,0
5155572,ru,NA,"Северная Америка",US,"США",OH,"Огайо","","","Женева",510,America/New_York,0
5176233,ru,NA,"Северная Америка",US,"США",OH,"Огайо","","","",536,America/New_York,0
5180021,ru,NA,"Северная Америка",US,"США",PA,"Пенсильвания","","","",508,America/New_York,0
5187727,ru,NA,"Северная Америка",US,"США",PA,"Пенсильвания","","","",504,America/New_York,0
5188935,ru,NA,"Северная Америка",US,"США",PA,"Пенсильвания","","","",508,America/New_York,0
5189377,ru,NA,"Северная Америка",US,"США",PA,"Пенсильвания","","","",536,America/New_York,0
5189699,ru,NA,"Северная Америка",US,"США",PA,"Пенсильвания","","","",574,America/New_York,0
5203859,ru,NA,"Северная Америка",US,"США",PA,"Пенсильвания","","","Нортумберленд",577,America/New_York,0
5212072,ru,NA,"Северная Америка",US,"США",PA,"Пенсильвания","","","",504,America/New_York,0
5213001,ru,NA,"Северная Америка",US,"США",PA,"Пенсильвания","","","",574,America/New_York,0
5226143,ru,NA,"Северная Америка",US,"США",SD,"Южная Дакота","","","",725,America/Chicago,0
5233470,ru,NA,"Северная Америка",US,"США",VT,"Вермонт","","","",523,America/New_York,0
5235024,ru,NA,"Северная Америка",US,"США",VT,"Вермонт","","","Колчестер",523,America/New_York,0
5243872,ru,NA,"Северная Америка",US,"США",WI,"Висконсин","","","",613,America/Chicago,0
5249135,ru,NA,"Северная Америка",US,"США",WI,"Висконсин","","","",658,America/Chicago,0
5250399,ru,NA,"Северная Америка",US,"США",WI,"Висконсин","","","",617,America/Chicago,0
5250787,ru,NA,"Северная Америка",US,"США",WI,"Висконсин","","","",702,America/Chicago,0
5253778,ru,NA,"Северная Америка",US,"США",WI,"Висконсин","","","",617,America/Chicago,0
5261969,ru,NA,"Северная Америка",US,"США",WI,"Висконсин","","","",705,America/Chicago,0
5262695,ru,NA,"Северная Америка",US,"США",WI,"Висконсин","","","",702,America/Chicago,0
5264842,ru,NA,"Северная Америка",US,"США",WI,"Висконсин","","","",669,America/Chicago,0
5267923,ru,NA,"Северная Америка",US,"США",WI,"Висконсин","","","",669,America/Chicago,0
5274887,ru,NA,"Северная Америка",US,"США",WI,"Висконсин","","","",658,America/Chicago,0
5281915,ru,NA,"Северная Америка",US,"США",CT,"Коннектикут","","","",533,America/New_York,0
5308240,ru,NA,"Северная Америка",US,"США",AZ,"Аризона","","","",789,America/Phoenix,0
5313059,ru,NA,"Северная Америка",US,"США",AZ,"Аризона","","","",753,America/Phoenix,0
5329735,ru,NA,"Северная Америка",US,"США",CA,"Калифорния","","","",807,America/Los_Angeles,0
5346111,ru,NA,"Северная Америка",US,"США",CA,"Калифорния","","","Элк-Гров",862,America/Los_Angeles,0
5347578,ru,NA,"Северная Америка",US,"США",CA,"Калифорния","","","",825,America/Los_Angeles,0
5365660,ru,NA,"Северная Америка",US,"США",CA,"Калифорния","","","",807,America/Los_Angeles,0
5378481,ru,NA,"Северная Америка",US,"США",CA,"Калифорния","","","",803,America/Los_Angeles,0
5387494,ru,NA,"Северная Америка",US,"США",CA,"Калифорния","","","",803,America/Los_Angeles,0
5417522,ru,NA,"Северная Америка",US,"США",CO,"Колорадо","","","",773,America/Denver,0
5420323,ru,NA,"Северная Америка",US,"США",CO,"Колорадо","","","",751,America/Denver,0
5425911,ru,NA,"Северная Америка",US,"США",CO,"Колорадо","","","",751,America/Denver,0
5454711,ru,NA,"Северная Америка",US,"США",NM,"Нью-Мехико","","","Альбукерке",790,America/Denver,0
5458867,ru,NA,"Северная Америка",US,"США",NM,"Нью-Мехико","","","",634,America/Denver,0
5490104,ru,NA,"Северная Америка",US,"США",NM,"Нью-Мехико","","","",790,America/Denver,0
5520110,ru,NA,"Северная Америка",US,"США",TX,"Техас","","","",651,America/Chicago,0
5526514,ru,NA,"Северная Америка",US,"США",TX,"Техас","","","",633,America/Chicago,0
5528274,ru,NA,"Северная Америка",US,"США",TX,"Техас","","","",634,America/Chicago,0
5531919,ru,NA,"Северная Америка",US,"США",TX,"Техас","","","",651,America/Chicago,0
5533864,ru,NA,"Северная Америка",US,"США",TX,"Техас","","","Уилсон",651,America/Chicago,0
5539726,ru,NA,"Северная Америка",US,"США",UT,"Юта","","","Гошен",770,America/Denver,0
5541403,ru,NA,"Северная Америка",US,"США",UT,"Юта","","","",770,America/Denver,0
5543146,ru,NA,"Северная Америка",US,"США",UT,"Юта","","","Милфорд",770,America/Denver,0
5641642,ru,NA,"Северная Америка",US,"США",MT,"Монтана","","","",755,America/Denver,0
5648402,ru,NA,"Северная Америка",US,"США",MT,"Монтана","","","",755,America/Denver,0
5665637,ru,NA,"Северная Америка",US,"США",MT,"Монтана","","","",687,America/Denver,0
5671807,ru,NA,"Северная Америка",US,"США",MT,"Монтана","","","",687,America/Denver,0
5690471,ru,NA,"Северная Америка",US,"США",ND,"Северная Дакота","","","",687,America/Denver,0
5725503,ru,NA,"Северная Америка",US,"США",OR,"Орегон","","","",801,America/Los_Angeles,0
5727942,ru,NA,"Северная Америка",US,"США",OR,"Орегон","","","",820,America/Los_Angeles,0
5762897,ru,NA,"Северная Америка",US,"США",SD,"Южная Дакота","","","",764,America/Denver,0
5764683,ru,NA,"Северная Америка",US,"США",SD,"Южная Дакота","","","",764,America/Denver,0
5796049,ru,NA,"Северная Америка",US,"США",WA,"Вашингтон","","","",819,America/Los_Angeles,0
5801520,ru,NA,"Северная Америка",US,"США",WA,"Вашингтон","","","Лонг-Бич",819,America/Los_Angeles,0
5833349,ru,NA,"Северная Америка",US,"США",WY,"Вайоминг","","","Ньюкасл",764,America/Denver,0
5849346,ru,NA,"Северная Америка",US,"США",HI,"Гавайи","","","",744,Pacific/Honolulu,0
5877422,ru,NA,"Северная Америка",US,"США",AK,"Аляска","","","",745,America/Anchorage,0
5888703,ru,NA,"Северная Америка",CA,"Канада",NS,"Новая Шотландия","","","","",America/Halifax,0
5891545,ru,NA,"Северная Америка",CA,"Канада",NL,"","","","","",America/St_Johns,0
5897209,ru,NA,"Северная Америка",CA,"Канада",QC,"","","","Беканкур","",America/Toronto,0
5911570,ru,NA,"Северная Америка",CA,"Канада",ON,"Онтарио","","","","",America/Toronto,0
5932844,ru,NA,"Северная Америка",CA,"Канада",AB,"Альберта","","","","",America/Edmonton,0
5937277,ru,NA,"Северная Америка",CA,"Канада",ON,"Онтарио","","","","",America/Winnipeg,0
5942913,ru,NA,"Северная Америка",CA,"Канада",ON,"Онтарио","","","","",America/Winnipeg,0
5963821,ru,NA,"Северная Америка",CA,"Канада",NL,"","","","","",America/St_Johns,0
5964960,ru,NA,"Северная Америка",CA,"Канада",ON,"Онтарио","","","","",America/Toronto,0
6049035,ru,NA,"Северная Америка",CA,"Канада",QC,"","","","","",America/Toronto,0
6067761,ru,NA,"Северная Америка",CA,"Канада",MB,"Манитоба","","","","",America/Winnipeg,0
6072435,ru,NA,"Северная Америка",CA,"Канада",QC,"","","","","",America/Toronto,0
6084038,ru,NA,"Северная Америка",CA,"Канада",QC,"","","","","",America/Toronto,0
6087440,ru,NA,"Северная Америка",CA,"Канада",ON,"Онтарио","","","","",America/Toronto,0
6091197,ru,NA,"Северная Америка",CA,"Канада",ON,"Онтарио","","","","",America/Toronto,0
6094234,ru,NA,"Северная Америка",CA,"Канада",ON,"Онтарио","","","","",America/Toronto,0
6100954,ru,NA,"Северная Америка",CA,"Канада",AB,"Альберта","","","","",America/Edmonton,0
6112027,ru,NA,"Северная Америка",CA,"Канада",ON,"Онтарио","","","","",America/Toronto,0
6112433,ru,NA,"Северная Америка",CA,"Канада",QC,"","","","","",America/Toronto,0
6128682,ru,NA,"Северная Америка",CA,"Канада",QC,"","","","","",America/Toronto,0
6137130,ru,NA,"Северная Америка",CA,"Канада",AB,"Альберта","","","","",America/Edmonton,0
6138641,ru,NA,"Северная Америка",CA,"Канада",QC,"","","","","",America/Toronto,0
6162647,ru,NA,"Северная Америка",CA,"Канада",ON,"Онтарио","","","","",America/Toronto,0
6174073,ru,NA,"Северная Америка",CA,"Канада",ON,"Онтарио","","","","",America/Toronto,0
6176080,ru,NA,"Северная Америка",CA,"Канада",AB,"Альберта","","","","",America/Edmonton,0
6316297,ru,SA,"Южная Америка",BR,"Бразилия",PA,"Пара","","","","",America/Belem,0
6316630,ru,SA,"Южная Америка",BR,"Бразилия",PI,"Пиауи","","","","",America/Fortaleza,0
6317034,ru,SA,"Южная Америка",BR,"Бразилия",SC,"","","","","",America/Sao_Paulo,0
6317440,ru,SA,"Южная Америка",BR,"Бразилия",RS,"","","","","",America/Sao_Paulo,0
6317572,ru,SA,"Южная Америка",BR,"Бразилия",GO,"Гояс","","","","",America/Sao_Paulo,0
6317796,ru,SA,"Южная Америка",BR,"Бразилия",MG,"Минас-Жерайс","","","","",America/Sao_Paulo,0
6317894,ru,SA,"Южная Америка",BR,"Бразилия",SC,"","","","","",America/Sao_Paulo,0
6318085,ru,SA,"Южная Америка",BR,"Бразилия",PR,"","","","","",America/Sao_Paulo,0
6318714,ru,SA,"Южная Америка",BR,"Бразилия",MT,"Мату-Гросу","","","","",America/Cuiaba,0
6534643,ru,EU,"Европа",IT,"Италия",32,"Больцано",TN,"","","",Europe/Rome,1
6534961,ru,EU,"Европа",IT,"Италия",25,"",BG,"","","",Europe/Rome,1
6535099,ru,EU,"Европа",IT,"Италия",25,"",VA,"","","",Europe/Rome,1
6535379,ru,EU,"Европа",IT,"Италия",21,"Пьемонт",VB,"Вербания","","",Europe/Rome,1
6545174,ru,EU,"Европа",GB,"Великобритания",ENG,"Англия",SWK,"","","",Europe/London,0
6545317,ru,EU,"Европа",GB,"Великобритания",ENG,"Англия",HAM,"Хэмпшир","","",Europe/London,0
6693239,ru,EU,"Европа",GB,"Великобритания",ENG,"Англия",STS,"","","",Europe/London,0
6718136,ru,AS,"Азия",ID,"Индонезия",SU,"Северная Суматра","","","","",Asia/Jakarta,0
6903099,ru,AS,"Азия",KR,"Южная Корея",27,"","","","","",Asia/Seoul,0
6941067,ru,EU,"Европа",PT,"Португалия",08,"","","","","",Europe/Lisbon,1
7230312,ru,NA,"Северная Америка",US,"США",NC,"Северная Каролина","","","",545,America/New_York,0
7257908,ru,NA,"Северная Америка",US,"США",VA,"Вирджиния","","","",556,America/New_York,0
7289676,ru,EU,"Европа",RU,"Россия",KHM,"Ханты-Мансийский АО","","","Покачи","",Asia/Yekaterinburg,0
7434560,ru,EU,"Европа",RU,"Россия",ROS,"Ростовская область","","","Вороново","",Europe/Moscow,0
7626328,ru,EU,"Европа",NO,"Норвегия",34,"","","","","",Europe/Oslo,0
7636037,ru,AS,"Азия",CN,"Китай",JX,"","","","","",Asia/Shanghai,0
7666821,ru,AS,"Азия",ID,"Индонезия",LA,"","","","","",Asia/Jakarta,0
8019936,ru,EU,"Европа",BY,"Беларусь",MI,"Минская Область","","","Булынки","",Europe/Minsk,0
8063706,ru,AS,"Азия",IN,"Индия",MH,"Махараштра","","","","",Asia/Kolkata,0
8161083,ru,OC,"Океания",AU,"Австралия",NSW,"Новый Южный Уэльс","","","","",Australia/Sydney,0
8261938,ru,SA,"Южная Америка",CO,"Колумбия",ANT,"","","","","",America/Bogota,0
8299525,ru,EU,"Европа",NO,"Норвегия",30,"","","","","",Europe/Oslo,0
8299836,ru,EU,"Европа",GB,"Великобритания",SCT,"Шотландия",NAY,"Северный Эршир","","",Europe/London,0
8309435,ru,AS,"Азия",IL,"Израиль",Z,"","","","","",Asia/Jerusalem,0
8349050,ru,OC,"Океания",AU,"Австралия",WA,"Западная Австралия","","","","",Australia/Perth,0
8422197,ru,AS,"Азия",CN,"Китай",CQ,"","","","","",Asia/Shanghai,0
8469259,ru,EU,"Европа",CH,"Швейцария",TI,"Тичино","","","","",Europe/Zurich,0
8533407,ru,EU,"Европа",CH,"Швейцария",VS,"","","","","",Europe/Zurich,0
8533558,ru,EU,"Европа",CH,"Швейцария",BE,"","","","","",Europe/Zurich,0
8533574,ru,EU,"Европа",CH,"Швейцария",SO,"","","","Ферен","",Europe/Zurich,0
8546175,ru,SA,"Южная Америка",BR,"Бразилия",PA,"Пара","","","","",America/Santarem,0
8548980,ru,SA,"Южная Америка",BR,"Бразилия",PA,"Пара","","","","",America/Santarem,0
8555422,ru,AS,"Азия",CN,"Китай",NM,"","","","","",Asia/Shanghai,0
8572936,ru,AS,"Азия",JP,"Япония",13,"","","","","",Asia/Tokyo,0
8576624,ru,AS,"Азия",JP,"Япония",14,"Канагава","","","","",Asia/Tokyo,0
8577941,ru,OC,"Океания",AU,"Австралия",VIC,"Виктория","","","","",Australia/Melbourne,0
8593820,ru,NA,"Северная Америка",CA,"Канада",QC,"","","","","",America/Toronto,0
8740856,ru,NA,"Северная Америка",CA,"Канада",NB,"Нью-Брансуик","","","","",America/Moncton,0
8882558,ru,NA,"Северная Америка",MX,"Мексика",CHP,"Чьяпас","","","","",America/Mexico_City,0
8957112,ru,EU,"Европа",IT,"Италия",45,"",MO,"","","",Europe/Rome,1
9291480,ru,AS,"Азия",JP,"Япония",30,"Вакаяма","","","","",Asia/Tokyo,0
9630709,ru,AS,"Азия",CN,"Китай",HE,"","","","","",Asia/Shanghai,0
9635342,ru,AS,"Азия",JP,"Япония",26,"","","","","",Asia/Tokyo,0
9888392,ru,AS,"Азия",JP,"Япония",40,"Фукуока","","","","",Asia/Tokyo,0
9888970,ru,AS,"Азия",JP,"Япония",41,"","","","","",Asia/Tokyo,0
10410838,ru,AS,"Азия",JP,"Япония",14,"Канагава","","","","",Asia/Tokyo,0
10436293,ru,AS,"Азия",JP,"Япония",14,"Канагава","","","","",Asia/Tokyo,0
10586978,ru,AS,"Азия",IN,"Индия",TG,"Телангана","","","","",Asia/Kolkata,0
10645488,ru,AS,"Азия",JP,"Япония",22,"Сидзуока","","","","",Asia/Tokyo,0
10862228,ru,AS,"Азия",JP,"Япония",14,"Канагава","","","","",Asia/Tokyo,0
10865192,ru,AS,"Азия",JP,"Япония",13,"","","","","",Asia/Tokyo,0
10865993,ru,AS,"Азия",JP,"Япония",13,"","","","","",Asia/Tokyo,0
10866000,ru,AS,"Азия",JP,"Япония",13,"","","","","",Asia/Tokyo,0
10866555,ru,AS,"Азия",JP,"Япония",13,"","","","","",Asia/Tokyo,0
10866891,ru,AS,"Азия",JP,"Япония",13,"","","","","",Asia/Tokyo,0
10920030,ru,AS,"Азия",JP,"Япония",13,"","","","","",Asia/Tokyo,0
10967869,ru,AS,"Азия",JP,"Япония",13,"","","","","",Asia/Tokyo,0
10988332,ru,AS,"Азия",JP,"Япония",13,"","","","","",Asia/Tokyo,0
11034234,ru,AS,"Азия",JP,"Япония",11,"","","","","",Asia/Tokyo,0
11048417,ru,EU,"Европа",CH,"Швейцария",ZH,"","","","","",Europe/Zurich,0
11057996,ru,AS,"Азия",JP,"Япония",14,"Канагава","","","","",Asia/Tokyo,0
11087920,ru,AS,"Азия",JP,"Япония",14,"Канагава","","","","",Asia/Tokyo,0
11087988,ru,AS,"Азия",JP,"Япония",14,"Канагава","","","","",Asia/Tokyo,0
11198983,ru,AS,"Азия",CN,"Китай",ZJ,"","","","","",Asia/Shanghai,0
11209887,ru,AS,"Азия",JP,"Япония",43,"Кумамото","","","","",Asia/Tokyo,0
11281273,ru,EU,"Европа",GB,"Великобритания",ENG,"Англия",WRL,"","","",Europe/London,0
11556603,ru,AS,"Азия",JP,"Япония",01,"Хоккайдо","","","","",Asia/Tokyo,0
11592620,ru,EU,"Европа",GB,"Великобритания",ENG,"Англия",LAN,"","","",Europe/London,0
11593637,ru,EU,"Европа",AT,"Австрия",6,"Штирия","","","","",Europe/Vienna,1
11635141,ru,AS,"Азия",CN,"Китай",JS,"","","","","",Asia/Shanghai,0
11677105,ru,AS,"Азия",IN,"Индия",TN,"Тамилнад","","","","",Asia/Kolkata,0
11694887,ru,AF,"Африка",SC,"Сейшельские о-ва",07,"","","","","",Indian/Mahe,0
11704298,ru,OC,"Океания",AU,"Австралия",WA,"Западная Австралия","","","","",Australia/Perth,0
11790459,ru,AS,"Азия",JP,"Япония",13,"","","","","",Asia/Tokyo,0
11807515,ru,AS,"Азия",JP,"Япония",27,"","","","","",Asia/Tokyo,0
11887942,ru,EU,"Европа",GB,"Великобритания",ENG,"Англия",DBY,"Дербишир","","",Europe/London,0
11979630,ru,AS,"Азия",IL,"Израиль",D,"Южный район","","","","",Asia/Jerusalem,0
12095430,ru,NA,"Северная Америка",CA,"Канада",NB,"Нью-Брансуик","","","","",America/Moncton,0
12096469,ru,NA,"Северная Америка",CA,"Канада",NB,"Нью-Брансуик","","","","",America/Moncton,0
12103789,ru,AS,"Азия",SA,"Саудовская Аравия",01,"","","","","",Asia/Riyadh,0
12212650,ru,EU,"Европа",HR,"Хорватия",01,"","","","","",Europe/Zagreb,1
